"EDO","MUN","DESCRIP"
"01","001",AGUASCALIENTES
"01","002",SAN FRANCISCO DE LOS ROMOS
"01","003",ASIENTOS
"01","004",COSIO
"01","005",PABELLON DE ARTEAGA
"01","006",RINCON DE ROMOS
"01","007",SAN JOSE DE GRACIA
"01","008",TEPEZALA
"01","009",CALVILLO
"01","010",SE IGNORA
"02","011",MEXICALI
"02","012",TECATE
"02","013",TIJUANA
"02","014",PLAYAS DE ROSARITO
"02","015",ENSENADA
"02","016",SE IGNORA
"03","017",COMONDU
"03","018",LORETO
"03","019",MULEGE
"03","020","PAZ, LA"
"03","021","CABOS, LOS"
"03","022",SE IGNORA
"04","023",CALKINI
"04","024",CAMPECHE
"04","025",HECELCHAKAN
"04","026",HOPELCHEN
"04","027",TENABO
"04","028",CHAMPOTON
"04","029",ESCARCEGA
"04","030",CALAKMUL
"04","031",CANDELARIA
"04","032",CARMEN
"04","033",PALIZADA
"04","034",SE IGNORA
"05","035",ALLENDE
"05","036",GUERRERO
"05","037",HIDALGO
"05","038",NAVA
"05","039",PIEDRAS NEGRAS
"05","040",VILLA UNION
"05","041",ACUÑA
"05","042",JIMENEZ
"05","043",MORELOS
"05","044",ZARAGOZA
"05","045",JUAREZ
"05","046",MUZQUIZ
"05","047",PROGRESO
"05","048",SABINAS
"05","049",SAN JUAN DE SABINAS
"05","050",ABASOLO
"05","051",CANDELA
"05","052",CASTAÑOS
"05","053",ESCOBEDO
"05","054",FRONTERA
"05","055",MONCLOVA
"05","056",NADADORES
"05","057",SAN BUENAVENTURA
"05","058",CUATROCIENEGAS
"05","059",LAMADRID
"05","060",OCAMPO
"05","061",SACRAMENTO
"05","062",SIERRA MOJADA
"05","063",MATAMOROS
"05","064",TORREON
"05","065",VIESCA
"05","066",FRANCISCO I. MADERO
"05","067",SAN PEDRO
"05","068",ARTEAGA
"05","069",GENERAL CEPEDA
"05","070",PARRAS
"05","071",RAMOS ARIZPE
"05","072",SALTILLO
"05","073",SE IGNORA
"06","074",COLIMA
"06","075",COMALA
"06","076",COQUIMATLAN
"06","077",CUAUHTEMOC
"06","078",VILLA DE ALVAREZ
"06","079",ARMERIA
"06","080",IXTLAHUACAN
"06","081",TECOMAN
"06","082",MANZANILLO
"06","083",MINATITLAN
"06","084",SE IGNORA
"07","085",ACALA
"07","086",BERRIOZABAL
"07","087",CINTALAPA
"07","088",COAPILLA
"07","089",COPAINALA
"07","090",CHIAPA DE CORZO
"07","091",CHICOASEN
"07","092",IXTAPA
"07","093",JIQUIPILAS
"07","094",NICOLAS RUIZ
"07","095",OCOTEPEC
"07","096",OCOZOCOAUTLA DE ESPINOSA
"07","097",OSUMACINTA
"07","098",SAN FERNANDO
"07","099",SITALA
"07","100",SOYALO
"07","101",SUCHIAPA
"07","102",TECPATAN
"07","103",TOTOLAPA
"07","104",TUXTLA GUTIERREZ
"07","105",VENUSTIANO CARRANZA
"07","106",SAN JUAN CANCUC
"07","107",ALTAMIRANO
"07","108",AMATENANGO DEL VALLE
"07","109",CHALCHIHUITAN
"07","110",CHAMULA
"07","111",CHANAL
"07","112",CHENALHO
"07","113",CHIAPILLA
"07","114",HUIXTAN
"07","115",LARRAINZAR
"07","116",METAPA
"07","117",MITONTIC
"07","118",OXCHUC
"07","119",PANTELHO
"07","120","ROSAS, LAS"
"07","121",SAN CRISTOBAL DE LAS CASAS
"07","122",TENEJAPA
"07","123",TEOPISCA
"07","124",SAN LUCAS
"07","125",ZINACANTAN
"07","126",AMATENANGO DE LA FRONTERA
"07","127",BELLA VISTA
"07","128",COMITAN DE DOMINGUEZ
"07","129",CHICOMUSELO
"07","130",FRONTERA COMALAPA
"07","131","GRANDEZA, LA"
"07","132","INDEPENDENCIA, LA"
"07","133","MARGARITAS, LAS"
"07","134",SOCOLTENANGO
"07","135","TRINITARIA, LA"
"07","136",TZIMOL
"07","137",ANGEL ALBINO CORZO
"07","138","CONCORDIA, LA"
"07","139",VILLA CORZO
"07","140",VILLAFLORES
"07","141",AMATAN
"07","142",BOCHIL
"07","143","BOSQUE, EL"
"07","144",CHAPULTENANGO
"07","145",FRANCISCO LEON
"07","146",HUITIUPAN
"07","147",IXHUATAN
"07","148",IXTACOMITAN
"07","149",IXTAPANGAJOYA
"07","150",JITOTOL
"07","151",JUAREZ
"07","152",OSTUACAN
"07","153",PANTEPEC
"07","154",PICHUCALCO
"07","155",PUEBLO NUEVO SOLISTAHUACAN
"07","156",RAYON
"07","157",REFORMA
"07","158",SIMOJOVEL
"07","159",SOLOSUCHIAPA
"07","160",SUNUAPA
"07","161",TAPALAPA
"07","162",TAPILULA
"07","163",CATAZAJA
"07","164",CHILON
"07","165","LIBERTAD, LA"
"07","166",OCOSINGO
"07","167",PALENQUE
"07","168",SABANILLA
"07","169",SALTO DE AGUA
"07","170",TILA
"07","171",TUMBALA
"07","172",YAJALON
"07","173",ACACOYAGUA
"07","174",ACAPETAHUA
"07","175",BEJUCAL DE OCAMPO
"07","176",CACAHOATAN
"07","177",ESCUINTLA
"07","178",FRONTERA HIDALGO
"07","179",HUEHUETAN
"07","180",HUIXTLA
"07","181",MAPASTEPEC
"07","182",MAZAPA DE MADERO
"07","183",MAZATAN
"07","184",MOTOZINTLA
"07","185","PORVENIR, EL"
"07","186",VILLA COMALTITLAN
"07","187",SILTEPEC
"07","188",SUCHIATE
"07","189",TAPACHULA
"07","190",TUXTLA CHICO
"07","191",TUZANTAN
"07","192",UNION JUAREZ
"07","193",ARRIAGA
"07","194",PIJIJIAPAN
"07","195",TONALA
"07","196",SE IGNORA
"08","197",ALDAMA
"08","198",AQUILES SERDAN
"08","199",COYAME
"08","200",CHIHUAHUA
"08","201",DELICIAS
"08","202",DOCTOR BELISARIO DOMINGUEZ
"08","203",GENERAL TRIAS
"08","204",GRAN MORELOS
"08","205",JULIMES
"08","206",MANUEL BENAVIDES
"08","207",MEOQUI
"08","208",NONOAVA
"08","209",OJINAGA
"08","210",ROSALES
"08","211",SAN FCO. DE BORJA
"08","212",SATEVO
"08","213",AHUMADA
"08","214",GUADALUPE
"08","215",JUAREZ
"08","216",PRAXEDIS G. GUERRERO
"08","217",ALLENDE
"08","218",BALLEZA
"08","219",CORONADO
"08","220",GUADALUPE Y CALVO
"08","221",HIDALGO DEL PARRAL
"08","222",HUEJOTITAN
"08","223",JIMENEZ
"08","224",LOPEZ
"08","225",MATAMOROS
"08","226",ROSARIO
"08","227",SAN FCO. DEL ORO
"08","228",SANTA BARBARA
"08","229","TULE, EL"
"08","230",VALLE DE ZARAGOZA
"08","231",BACHINIVA
"08","232",CARICHI
"08","233",CUAUHTEMOC
"08","234",CUSIHUIRIACHI
"08","235",GOMEZ FARIAS
"08","236",GUERRERO
"08","237",IGNACIO ZARAGOZA
"08","238",MADERA
"08","239",MATACHI
"08","240",NAMIQUIPA
"08","241",RIVA PALACIO
"08","242",TEMOSACHI
"08","243",ASCENSION
"08","244",BUENAVENTURA
"08","245",CASAS GRANDES
"08","246",GALEANA
"08","247",JANOS
"08","248",NUEVO CASAS GRANDES
"08","249",CAMARGO
"08","250","CRUZ, LA"
"08","251",SAN FCO. DE CONCHOS
"08","252",SAUCILLO
"08","253",BATOPILAS
"08","254",BOCOYNA
"08","255",GUACHOCHI
"08","256",MAGUARICHI
"08","257",MORIS
"08","258",OCAMPO
"08","259",URUACHI
"08","260",CHINIPAS
"08","261",GUAZAPARES
"08","262",MORELOS
"08","263",URIQUE
"08","264",SE IGNORA
"09","265",GUSTAVO A. MADERO
"09","266",DESCONOCIDO
"09","267",AZCAPOTZALCO
"09","268",IZTACALCO
"09","269",COYOACAN
"09","270",ALVARO OBREGON
"09","271","MAGDALENA CONTRERAS, LA"
"09","272",CUAJIMALPA DE MORELOS
"09","273",TLALPAN
"09","274",IZTAPALAPA
"09","275",XOCHIMILCO
"09","276",MILPA ALTA
"09","277",TLAHUAC
"09","278",MIGUEL HIDALGO
"09","279",BENITO JUAREZ
"09","280",CUAUHTEMOC
"09","281",VENUSTIANO CARRANZA
"10","282",DURANGO
"10","283",GUADALUPE VICTORIA
"10","284",MEZQUITAL
"10","285",NOMBRE DE DIOS
"10","286",PANUCO DE CORONADO
"10","287",POANAS
"10","288",PUEBLO NUEVO
"10","289",SAN DIMAS
"10","290",SUCHIL
"10","291",TAMAZULA
"10","292",VICENTE GUERRERO
"10","293",CUENCAME
"10","294",GENERAL SIMON BOLIVAR
"10","295",GOMEZ PALACIO
"10","296",LERDO
"10","297",MAPIMI
"10","298",NAZAS
"10","299",PEÑON BLANCO
"10","300",SAN JUAN DE GUADALUPE
"10","301",SAN LUIS DEL CORDERO
"10","302",SAN PEDRO DEL GALLO
"10","303",SANTA CLARA
"10","304",TLAHUALILO
"10","305",CANATLAN
"10","306",CANELAS
"10","307",GUANACEVI
"10","308",OTAEZ
"10","309",SANTIAGO PAPASQUIARO
"10","310",TEPEHUANES
"10","311",TOPIA
"10","312",NUEVO IDEAL
"10","313",CONETO DE COMONFORT
"10","314",HIDALGO
"10","315",INDE
"10","316",OCAMPO
"10","317","ORO, EL"
"10","318",RODEO
"10","319",SAN BERNARDO
"10","320",SAN JUAN DEL RIO
"10","321",SE IGNORA
"11","322",DOLORES HIDALGO
"11","323",GUANAJUATO
"11","324",OCAMPO
"11","325",SAN DIEGO DE LA UNION
"11","326",SAN FELIPE
"11","327",ALLENDE
"11","328",ATARJEA
"11","329",DOCTOR MORA
"11","330",SAN JOSE ITURBIDE
"11","331",SAN LUIS DE LA PAZ
"11","332",SANTA CATARINA
"11","333",TIERRA BLANCA
"11","334",VICTORIA
"11","335",XICHU
"11","336",APASEO EL ALTO
"11","337",APASEO EL GRANDE
"11","338",CELAYA
"11","339",COMONFORT
"11","340",CORTAZAR
"11","341",SANTA CRUZ DE JUVENTINO ROSAS
"11","342",TARIMORO
"11","343",VILLAGRAN
"11","344",ACAMBARO
"11","345",CORONEO
"11","346",JERECUARO
"11","347",SALVATIERRA
"11","348",SANTIAGO MARAVATIO
"11","349",TARANDACUAO
"11","350",JARAL DEL PROGRESO
"11","351",MOROLEON
"11","352",SALAMANCA
"11","353",URIANGATO
"11","354",VALLE DE SANTIAGO
"11","355",YURIRIA
"11","356",ABASOLO
"11","357",CUERAMARO
"11","358",HUANIMARO
"11","359",IRAPUATO
"11","360",PENJAMO
"11","361",PUEBLO NUEVO
"11","362",MANUEL DOBLADO
"11","363",LEON
"11","364",PURISIMA DEL RINCON
"11","365",ROMITA
"11","366",SAN FRANCISCO DEL RINCON
"11","367",SILAO
"11","368",CD. MANUEL DOBLADO
"11","369",SE IGNORA
"12","370",AJUCHITLAN DEL PROGRESO
"12","371",ARCELIA
"12","372",COYUCA DE CATALAN
"12","373",CUTZAMALA DE PINZON
"12","374",PUNGARABATO
"12","375",SAN MIGUEL TOTOLAPAN
"12","376",TLALCHAPA
"12","377",TLAPEHUALA
"12","378",ZIRANDARO
"12","379",APAXTLA
"12","380",ATENANGO DEL RIO
"12","381",BUENAVISTA DE CUELLAR
"12","382",COCULA
"12","383",COPALILLO
"12","384",CUETZALA DEL PROGRESO
"12","385",GENERAL CANUTO A. NERI
"12","386",HUITZUCO DE LOS FIGUEROA
"12","387",IGUALA DE LA INDEPENDENCIA
"12","388",IXCATEOPAN DE CUAUHTEMOC
"12","389",PEDRO ASCENCIO ALQUISIRAS
"12","390",PILCAYA
"12","391",TAXCO DE ALARCON
"12","392",TELOLOAPAN
"12","393",TEPECOACUILCO DE TRUJANO
"12","394",TETIPAC
"12","395",AHUACUOTZINGO
"12","396",CHILAPA DE ALVAREZ
"12","397",CHILPANCINGO DE LOS BRAVO
"12","398",GENERAL HELIODORO CASTILLO
"12","399",JUAN R. ESCUDERO
"12","400",LEONARDO BRAVO
"12","401",MARTIR DE CUILAPAN
"12","402",MOCHITLAN
"12","403",QUECHULTENANGO
"12","404",TIXTLA DE GUERRERO
"12","405",ZITLALA
"12","406",EDUARDO NERI
"12","407",ALCOZAUCA DE GUERRERO
"12","408",ALPOYECA
"12","409",ATLAMAJALCINGO DEL MONTE
"12","410",ATLIXTAC
"12","411",COPANATOYAC
"12","412",CUALAC
"12","413",HUAMUXTITLAN
"12","414",MALINALTEPEC
"12","415",METLATONOC
"12","416",OLINALA
"12","417",TLACOAPA
"12","418",TLALIXTAQUILLA DE MALDONADO
"12","419",TLAPA DE COMONFORT
"12","420",XALPATLAHUAC
"12","421",XOCHIHUEHUETLAN
"12","422",ZAPOTITLAN TABLAS
"12","423",ACATEPEC
"12","424",ATOYAC DE ALVAREZ
"12","425",BENITO JUAREZ
"12","426",COAHUAYUTLA DE JOSE MA. IZAZAGA
"12","427",COYUCA DE BENITEZ
"12","428",JOSE AZUETA
"12","429",PETATLAN
"12","430",TECPAN DE GALEANA
"12","431","UNION, LA"
"12","432",AYUTLA DE LOS LIBRES
"12","433",AZOYU
"12","434",COPALA
"12","435",CUAJINICUILAPA
"12","436",CUAUTEPEC
"12","437",FLORENCIO VILLARREAL
"12","438",IGUALAPA
"12","439",OMETEPEC
"12","440",SAN LUIS ACATLAN
"12","441",SAN MARCOS
"12","442",TECOANAPA
"12","443",TLACOACHISTLAHUACA
"12","444",XOCHISTLAHUACA
"12","445",ACAPULCO DE JUAREZ
"12","446",SE IGNORA
"13","447",ATOTONILCO EL GRANDE
"13","448",EPAZOYUCAN
"13","449",HUASCA DE OCAMPO
"13","450",MINERAL DEL CHICO
"13","451",MINERAL DEL MONTE
"13","452",OMITLAN DE JUAREZ
"13","453",PACHUCA DE SOTO
"13","454",MINERAL DE LA REFORMA
"13","455",SAN AGUSTIN TLAXIACA
"13","456",VILLA DE TEZONTEPEC
"13","457",TIZAYUCA
"13","458",TOLCAYUCA
"13","459",ZAPOTLAN DE JUAREZ
"13","460",ZEMPOALA
"13","461",ACATLAN
"13","462",ACAXOCHITLAN
"13","463",AGUA BLANCA DE ITURBIDE
"13","464",ALMOLOYA
"13","465",APAN
"13","466",CUAUTEPEC DE HINOJOSA
"13","467",EMILIANO ZAPATA
"13","468",HUEHUETLA
"13","469",METEPEC
"13","470",SAN BARTOLO TUTOTEPEC
"13","471",SANTIAGO TULANTEPEC DE LUGO GUERRER
"13","472",SINGUILUCAN
"13","473",TENANGO DE DORIA
"13","474",TEPEAPULCO
"13","475",TLANALAPA
"13","476",TULANCINGO DE BRAVO
"13","477",ACTOPAN
"13","478",AJACUBA
"13","479","ARENAL, EL"
"13","480",ATITALAQUIA
"13","481",ATOTONILCO DE TULA
"13","482",FRANCISCO I. MADERO
"13","483",MIXQUIAHUALA DE JUAREZ
"13","484",PROGRESO DE OBREGON
"13","485",SAN SALVADOR
"13","486",TEPEJI DEL RIO DE OCAMPO
"13","487",TEPETITLAN
"13","488",TETEPANGO
"13","489",TEZONTEPEC DE ALDAMA
"13","490",TLAHUELILPAN
"13","491",TLAXCOAPAN
"13","492",TULA DE ALLENDE
"13","493",ALFAJAYUCAN
"13","494",CARDONAL
"13","495",CHAPANTONGO
"13","496",CHILCUAUTLA
"13","497",HUICHAPAN
"13","498",IXMIQUILPAN
"13","499",NOPALA DE VILLAGRAN
"13","500",SANTIAGO DE ANAYA
"13","501",TASQUILLO
"13","502",TECOZAUTLA
"13","503",CHAPULHUACAN
"13","504",JACALA DE LEDEZMA
"13","505","MISION, LA"
"13","506",NICOLAS FLORES
"13","507",PACULA
"13","508",PISAFLORES
"13","509",ZIMAPAN
"13","510",CALNALI
"13","511",ELOXOCHITLAN
"13","512",JUAREZ HIDALGO
"13","513",LOLOTLA
"13","514",SAN AGUSTIN METZQUITITLAN
"13","515",METZTITLAN
"13","516",MOLANGO DE ESCAMILLA
"13","517",TEPEHUACAN DE GUERRERO
"13","518",TIANGUISTENGO
"13","519",TLAHUILTEPA
"13","520",XOCHICOATLAN
"13","521",ZACUALTIPAN DE ANGELES
"13","522",ATLAPEXCO
"13","523",HUAUTLA
"13","524",HUAZALINGO
"13","525",HUEJUTLA DE REYES
"13","526",JALTOCAN
"13","527",SAN FELIPE ORIZATLAN
"13","528",TLANCHINOL
"13","529",XOCHIATIPAN
"13","530",YAHUALICA
"13","531",SE IGNORA
"14","532",BOLAÑOS
"14","533",COLOTLAN
"14","534",CHIMALTITAN
"14","535",HUEJUCAR
"14","536",HUEJUQUILLA EL ALTO
"14","537",MEZQUITIC
"14","538",SAN MARTIN DE BOLAÑOS
"14","539",SANTA MARIA DE LOS ANGELES
"14","540",TOTATICHE
"14","541",VILLA GUERRERO
"14","542",ENCARNACION DE DIAZ
"14","543",LAGOS DE MORENO
"14","544",OJUELOS DE JALISCO
"14","545",SAN DIEGO DE ALEJANDRIA
"14","546",SAN JUAN DE LOS LAGOS
"14","547",SAN JULIAN
"14","548",UNION DE SAN ANTONIO
"14","549",ACATIC
"14","550",ARANDAS
"14","551",JALOSTOTITLAN
"14","552",JESUS MARIA
"14","553",MEXTICACAN
"14","554",SAN MIGUEL EL ALTO
"14","555",TEOCALTICHE
"14","556",TEPATITLAN DE MORELOS
"14","557",VALLE DE GUADALUPE
"14","558",VILLA HIDALGO
"14","559",CAÑADAS DE OBREGON
"14","560",YAHUALICA DE GONZALEZ GALLO
"14","561",ATOTONILCO EL ALTO
"14","562",AYOTLAN
"14","563","BARCA, LA"
"14","564",DEGOLLADO
"14","565",JAMAY
"14","566",OCOTLAN
"14","567",PONCITLAN
"14","568",TOTOTLAN
"14","569",ZAPOTLAN DEL REY
"14","570",CONCEPCION DE BUENOS AIRES
"14","571",JILOTLAN DE LOS DOLORES
"14","572",MANUEL M. DIEGUEZ
"14","573","MANZANILLA DE LA PAZ, LA"
"14","574",MAZAMITLA
"14","575",PIHUAMO
"14","576",QUITUPAN
"14","577",TAMAZULA DE GORDIANO
"14","578",TECALITLAN
"14","579",VALLE DE JUAREZ
"14","580",AMACUECA
"14","581",ATEMAJAC DE BRIZUELA
"14","582",ATOYAC
"14","583",CIUDAD GUZMAN
"14","584",CHIQUILISTLAN
"14","585",GOMEZ FARIAS
"14","586",SAYULA
"14","587",TAPALPA
"14","588",TECHALUTA DE MONTENEGRO
"14","589",TEOCUITATLAN DE CORONA
"14","590",TOLIMAN
"14","591",TONILA
"14","592",TUXPAN
"14","593",CIUDAD VENUSTIANO CARRANZA
"14","594",ZACOALCO DE TORRES
"14","595",ZAPOTILTIC
"14","596",ZAPOTITLAN DE VADILLO
"14","597",ATENGO
"14","598",AUTLAN DE NAVARRO
"14","599",AYUTLA
"14","600",CASIMIRO CASTILLO
"14","601",CIHUATLAN
"14","602",CUAUTITLAN
"14","603",CUAUTLA
"14","604",EJUTLA
"14","605","GRULLO, EL"
"14","606","HUERTA, LA"
"14","607",JUCHITLAN
"14","608","LIMON, EL"
"14","609",VILLA PURIFICACION
"14","610",TECOLOTLAN
"14","611",TENAMAXTLAN
"14","612",TONAYA
"14","613",TUXCACUESCO
"14","614",UNION DE TULA
"14","615",CABO CORRIENTES
"14","616",MASCOTA
"14","617",PUERTO VALLARTA
"14","618",SAN SEBASTIAN DEL OESTE
"14","619",TALPA DE ALLENDE
"14","620",TOMATLAN
"14","621",AHUALULCO DE MERCADO
"14","622",AMECA
"14","623",ANTONIO ESCOBEDO
"14","624",ATENGUILLO
"14","625",COCULA
"14","626",ETZATLAN
"14","627",GUACHINANGO
"14","628",HOSTOTIPAQUILLO
"14","629",MAGDALENA
"14","630",MIXTLAN
"14","631",SAN MARCOS
"14","632",SAN MARTIN HIDALGO
"14","633",TEQUILA
"14","634",TEUCHITLAN
"14","635",AMATITAN
"14","636",ARENAL
"14","637",GUADALAJARA
"14","638",SAN CRISTOBAL DE LA BARRANCA
"14","639",TALA
"14","640",ZAPOPAN
"14","641",CUQUIO
"14","642",IXTLAHUACAN DEL RIO
"14","643",TONALA
"14","644",ZAPOTLANEJO
"14","645",IXTLAHUACAN DE LOS MEMBRILLOS
"14","646",JUANACATLAN
"14","647","SALTO, EL"
"14","648",TLAQUEPAQUE
"14","649",ACATLAN DE JUAREZ
"14","650",CHAPALA
"14","651",JOCOTEPEC
"14","652",TIZAPAN EL ALTO
"14","653",TLAJOMULCO DE ZUÑIGA
"14","654",TUXCUECA
"14","655",VILLA CORONA
"14","656",SE IGNORA
"15","657",ACAMBAY
"15","658",ATLACOMULCO
"15","659","ORO, EL"
"15","660",TEMASCALCINGO
"15","661",IXTLAHUACA
"15","662",JIQUIPILCO
"15","663",JOCOTITLAN
"15","664",MORELOS
"15","665",SAN FELIPE DEL PROGRESO
"15","666",ACULCO
"15","667",CHAPA DE MOTA
"15","668",JILOTEPEC
"15","669",POLOTITLAN
"15","670",SOYANIQUILPAN DE JUAREZ
"15","671",TIMILPAN
"15","672",VILLA DEL CARBON
"15","673",ALMOLOYA DEL RIO
"15","674",ATIZAPAN
"15","675",CALIMAYA
"15","676",CAPULHUAC
"15","677",CHAPULTEPEC
"15","678",JALATLACO
"15","679",JOQUICINGO
"15","680",MEXICALCINGO
"15","681",RAYON
"15","682",SAN ANTONIO LA ISLA
"15","683",TENANGO DEL VALLE
"15","684",TEXCALYACAC
"15","685",TIANGUISTENCO
"15","686",ALMOLOYA DE JUAREZ
"15","687",METEPEC
"15","688",TOLUCA
"15","689",ZINACANTEPEC
"15","690",HUIXQUILUCAN
"15","691",LERMA
"15","692",OCOYOACAC
"15","693",OTZOLOTEPEC
"15","694",SAN MATEO ATENCO
"15","695",TEMOAYA
"15","696",XONACATLAN
"15","697",AMATEPEC
"15","698",SAN SIMON DE GUERRERO
"15","699",TEJUPILCO
"15","700",TEMASCALTEPEC
"15","701",TLATLAYA
"15","702",ALMOLOYA DE ALQUISIRAS
"15","703",COATEPEC HARINAS
"15","704",IXTAPAN DE LA SAL
"15","705",MALINALCO
"15","706",OCUILAN
"15","707",SULTEPEC
"15","708",TENANCINGO
"15","709",TEXCALTITLAN
"15","710",TONATICO
"15","711",VILLA GUERRERO
"15","712",ZACUALPAN
"15","713",ZUMPAHUACAN
"15","714",AMANALCO
"15","715",DONATO GUERRA
"15","716",IXTAPAN DEL ORO
"15","717",OTZOLOAPAN
"15","718",SANTO TOMAS
"15","719",VALLE DE BRAVO
"15","720",VILLA DE ALLENDE
"15","721",VILLA VICTORIA
"15","722",ZACAZONAPAN
"15","723",ATIZAPAN DE ZARAGOZA
"15","724",ISIDRO FABELA
"15","725",NICOLAS ROMERO
"15","726",COYOTEPEC
"15","727",CUAUTITLAN
"15","728",MELCHOR OCAMPO
"15","729",TEOLOYUCAN
"15","730",TEPOTZOTLAN
"15","731",TULTEPEC
"15","732",TULTITLAN
"15","733",CUAUTITLAN IZCALLI
"15","734",JILOTZINGO
"15","735",NAUCALPAN
"15","736",ACOLMAN
"15","737",AXAPUSCO
"15","738",NOPALTEPEC
"15","739",OTUMBA
"15","740",SAN MARTIN DE LAS PIRAMIDES
"15","741",TEMASCALAPA
"15","742",TEOTIHUACAN
"15","743",TLALNEPANTLA
"15","744",APAXCO
"15","745",HUEHUETOCA
"15","746",HUEYPOXTLA
"15","747",JALTENCO
"15","748",NEXTLALPAN
"15","749",TECAMAC
"15","750",TEQUIXQUIAC
"15","751",ZUMPANGO
"15","752",AMECAMECA
"15","753",ATLAUTLA
"15","754",AYAPANGO
"15","755",COCOTITLAN
"15","756",CHALCO
"15","757",ECATZINGO
"15","758",IXTAPALUCA
"15","759",JUCHITEPEC
"15","760",OZUMBA
"15","761",TEMAMATLA
"15","762",TENANGO DEL AIRE
"15","763",TEPETLIXPA
"15","764",TLALMANALCO
"15","765",VALLE DE CHALCO SOLIDARIDAD
"15","766",COACALCO
"15","767",ECATEPEC
"15","768",NEZAHUALCOYOTL
"15","769","PAZ, LA"
"15","770",ATENCO
"15","771",CHIAUTLA
"15","772",CHICOLOAPAN
"15","773",CHICONCUAC
"15","774",CHIMALHUACAN
"15","775",PAPALOTLA
"15","776",TEPETLAOXTOC
"15","777",TEXCOCO
"15","778",TEZOYUCA
"15","779",SE IGNORA
"16","780",ALVARO OBREGON
"16","781",COPANDARO
"16","782",CUITZEO
"16","783",CHARO
"16","784",CHUCANDIRO
"16","785",HUANDACAREO
"16","786",INDAPARAPEO
"16","787",MARAVATIO
"16","788",MORELIA
"16","789",QUERENDARO
"16","790",SANTA ANA MAYA
"16","791",TARIMBARO
"16","792",TZITZIO
"16","793",ZINAPECUARO
"16","794",BRISEÑAS
"16","795",COTIJA
"16","796",CHAVINDA
"16","797",CHILCHOTA
"16","798",ECUANDUREO
"16","799",IXTLAN
"16","800",JACONA
"16","801",JIQUILPAN
"16","802",MARCOS CASTELLANOS
"16","803",PAJACUARAN
"16","804",PUREPERO
"16","805",COJUMATLAN DE REGULES
"16","806",SAHUAYO
"16","807",TANGAMANDAPIO
"16","808",TANGANCICUARO
"16","809",TINGUINDIN
"16","810",TOCUMBO
"16","811",VENUSTIANO CARRANZA
"16","812",VILLAMAR
"16","813",VISTA HERMOSA
"16","814",ZAMORA
"16","815",ANGANGUEO
"16","816",APORO
"16","817",CONTEPEC
"16","818",EPITACIO HUERTA
"16","819",HIDALGO
"16","820",HUETAMO
"16","821",IRIMBO
"16","822",JUAREZ
"16","823",JUNGAPEO
"16","824",OCAMPO
"16","825",SAN LUCAS
"16","826",SENGUIO
"16","827",SUSUPUATO
"16","828",TIQUICHEO DE NICOLAS ROMERO
"16","829",TLALPUJAHUA
"16","830",TUXPAN
"16","831",TUZANTLA
"16","832",ZITACUARO
"16","833",ACUITZIO
"16","834",ARIO
"16","835",CARACUARO
"16","836",COENEO
"16","837",ERONGARICUARO
"16","838",HUANIQUEO
"16","839",HUIRAMBA
"16","840",JIMENEZ
"16","841",LAGUNILLAS
"16","842",MADERO
"16","843",NOCUPETARO
"16","844",PANINDICUARO
"16","845",PATZCUARO
"16","846",QUIROGA
"16","847",SALVADOR ESCALANTE
"16","848",TACAMBARO
"16","849",TURICATO
"16","850",TZINTZUNTZAN
"16","851",ZACAPU
"16","852",CHARAPAN
"16","853",CHERAN
"16","854",GABRIEL ZAMORA
"16","855",NAHUATZEN
"16","856",NUEVO PARANGARICUTIRO
"16","857",NUEVO URECHO
"16","858",PARACHO
"16","859",PERIBAN
"16","860","REYES, LOS"
"16","861",TANCITARO
"16","862",TARETAN
"16","863",TINGAMBATO
"16","864",URUAPAN
"16","865",ZIRACUARETIRO
"16","866",ANGAMACUTIRO
"16","867",CHURINTZIO
"16","868",MORELOS
"16","869",NUMARAN
"16","870",PENJAMILLO
"16","871","PIEDAD, LA"
"16","872",PURUANDIRO
"16","873",TANHUATO
"16","874",TLAZAZALCA
"16","875",YURECUARO
"16","876",ZINAPARO
"16","877",JOSE SIXTO VERDUZCO
"16","878",AGUILILLA
"16","879",APATZINGAN
"16","880",BUENAVISTA
"16","881",COALCOMAN DE VAZQUEZ PALLARES
"16","882",CHURUMUCO
"16","883","HUACANA, LA"
"16","884",MUGICA
"16","885",PARACUARO
"16","886",TEPALCATEPEC
"16","887",AQUILA
"16","888",ARTEAGA
"16","889",COAHUAYANA
"16","890",CHINICUILA
"16","891",LAZARO CARDENAS
"16","892",TUMBISCATIO
"16","893",SE IGNORA
"17","894",COATLAN DEL RIO
"17","895",CUERNAVACA
"17","896",EMILIANO ZAPATA
"17","897",HUITZILAC
"17","898",JIUTEPEC
"17","899",MAZATEPEC
"17","900",MIACATLAN
"17","901",TEMIXCO
"17","902",TEPOZTLAN
"17","903",TETECALA
"17","904",XOCHITEPEC
"17","905",AMACUZAC
"17","906",JOJUTLA
"17","907",PUENTE DE IXTLA
"17","908",TLALTIZAPAN
"17","909",TLAQUILTENANGO
"17","910",ZACATEPEC
"17","911",ATLATLAHUCAN
"17","912",AXOCHIAPAN
"17","913",AYALA
"17","914",CUAUTLA
"17","915",JANTETELCO
"17","916",JONACATEPEC
"17","917",OCUITUCO
"17","918",TEPALCINGO
"17","919",TETELA DEL VOLCAN
"17","920",TLALNEPANTLA
"17","921",TLAYACAPAN
"17","922",TOTOLAPAN
"17","923",YAUTEPEC
"17","924",YECAPIXTLA
"17","925",ZACUALPAN
"17","926",TEMOAC
"17","927",SE IGNORA
"18","928",XALISCO
"18","929","NAYAR, EL"
"18","930",SAN BLAS
"18","931",SANTA MARIA DEL ORO
"18","932",TEPIC
"18","933","YESCA, LA"
"18","934",AHUACATLAN
"18","935",AMATLAN DE CAÑAS
"18","936",COMPOSTELA
"18","937",IXTLAN DEL RIO
"18","938",JALA
"18","939",SAN PEDRO LAGUNILLAS
"18","940",BAHIA DE BANDERAS
"18","941",ACAPONETA
"18","942",HUAJICORI
"18","943",ROSAMORADA
"18","944",RUIZ
"18","945",SANTIAGO IXCUINTLA
"18","946",TECUALA
"18","947",TUXPAN
"18","948",SE IGNORA
"19","1000",SE IGNORA
"19","949",MONTERREY
"19","950",ABASOLO
"19","951",CARMEN
"19","952",CIENEGA DE FLORES
"19","953",GENERAL ESCOBEDO
"19","954",GENERAL ZUAZUA
"19","955",MINA
"19","956",SALINAS VICTORIA
"19","957",SAN NICOLAS DE LOS GARZA
"19","958",HIDALGO
"19","959",GARCIA
"19","960",SAN PEDRO GARZA GARCIA
"19","961",SANTA CATARINA
"19","962",APODACA
"19","963",GUADALUPE
"19","964",JUAREZ
"19","965",AGUALEGUAS
"19","966",ANAHUAC
"19","967",BUSTAMANTE
"19","968",GENERAL TREVIÑO
"19","969",LAMPAZOS DE NARANJO
"19","970",PARAS
"19","971",SABINAS HIDALGO
"19","972",VALLECILLO
"19","973",VILLALDAMA
"19","974","ALDAMAS, LOS"
"19","975",CADEREYTA JIMENEZ
"19","976",CERRALVO
"19","977",CHINA
"19","978",DOCTOR COSS
"19","979",DOCTOR GONZALEZ
"19","980",GENERAL BRAVO
"19","981","HERRERAS, LOS"
"19","982",HIGUERAS
"19","983",MARIN
"19","984",MELCHOR OCAMPO
"19","985",PESQUERIA
"19","986","RAMONES, LOS"
"19","987",ALLENDE
"19","988",GENERAL TERAN
"19","989",HUALAHUISES
"19","990",LINARES
"19","991",MONTEMORELOS
"19","992",RAYONES
"19","993",SANTIAGO
"19","994",ARAMBERRI
"19","995",DOCTOR ARROYO
"19","996",GALEANA
"19","997",GENERAL ZARAGOZA
"19","998",ITURBIDE
"19","999",MIER Y NORIEGA
"20","1001",ASUNCION OCOTLAN
"20","1002",CIENEGA DE ZIMATLAN (LA CIENEGA)
"20","1003",COATECAS ALTAS
"20","1004","COMPAÑIA, LA"
"20","1005",CONCEPCION PAPALO
"20","1006",CUILAPAM DE GUERRERO
"20","1007",CUYAMECALCO VILLA DE ZARAGOZA
"20","1008",SAN JUAN CHIQUIHUITLAN
"20","1009",EJUTLA DE CRESPO
"20","1010",ELOXOCHITLAN DE FLORES MAGON
"20","1011",GUADALUPE ETLA
"20","1012",HUAUTEPEC
"20","1013",HUAUTLA DE JIMENEZ
"20","1014",MAGDALENA APASCO
"20","1015",MAGDALENA MIXTEPEC
"20","1016",MAGDALENA OCOTLAN
"20","1017",MAZATLAN VILLA DE FLORES
"20","1018",MIAHUATLAN DE PORFIRIO DIAZ
"20","1019",MONJAS
"20","1020",NAZARENO ETLA
"20","1021",OAXACA DE JUAREZ
"20","1022",OCOTLAN DE MORELOS
"20","1023","PE, LA"
"20","1024",SAN JOSE DEL PROGRESO
"20","1025",REYES ETLA
"20","1026",SAN AGUSTIN AMATENGO
"20","1027",SAN AGUSTIN DE LAS JUNTAS
"20","1028",SAN AGUSTIN ETLA
"20","1029",SAN AGUSTIN YATARENI
"20","1030",SAN ANDRES HUAYAPAM
"20","1031",SAN ANDRES IXTLAHUACA
"20","1032",SAN ANDRES PAXTLAN
"20","1033",SAN ANDRES TEOTILALPAM
"20","1034",SAN ANDRES ZABACHE
"20","1035",SAN ANDRES ZAUTLA
"20","1036",SAN ANTONINO CASTILLO VELASCO
"20","1037",SAN ANTONINO EL ALTO
"20","1038",SAN ANTONIO DE LA CAL
"20","1039",SAN ANTONIO HUITEPEC
"20","1040",SAN ANTONIO NANAHUATIPAM
"20","1041",SAN BALTAZAR CHICHICAPAM
"20","1042",SAN BARTOLO COYOTEPEC
"20","1043",SAN BARTOLOME AYAUTLA
"20","1044",SAN BERNARDO MIXTEPEC
"20","1045",SAN CRISTOBAL AMATLAN
"20","1046",SAN DIONISIO OCOTLAN
"20","1047",SAN FELIPE TEJALAPAM
"20","1048",SAN FRANCISCO CAHUACUA
"20","1049",SAN FRANCISCO CHAPULAPA
"20","1050",SAN FRANCISCO HUEHUETLAN
"20","1051",SAN FRANCISCO LOGUECHE
"20","1052",SAN FRANCISCO OZOLOTEPEC
"20","1053",SAN FRANCISCO SOLA
"20","1054",SAN FRANCISCO TELIXTLAHUACA
"20","1055",SAN ILDEFONSO AMATLAN
"20","1056",SAN ILDEFONSO SOLA
"20","1057",SAN JACINTO AMILPAS
"20","1058",SAN JACINTO TLACOTEPEC
"20","1059",SAN JERONIMO COATLAN
"20","1060",SAN JERONIMO SOSOLA
"20","1061",SAN JERONIMO TAVICHE
"20","1062",SAN JERONIMO TECOATL
"20","1063",SAN JOSE DEL PEÑASCO
"20","1064",SAN JOSE LACHIGUIRI
"20","1065",SAN JOSE TENANGO
"20","1066",ANIMAS TRUJANO
"20","1067",SAN JUAN BAUTISTA ATATLAHUCA
"20","1068",SAN JUAN BAUTISTA CUICATLAN
"20","1069",SAN JUAN BAUTISTA GUELACHE
"20","1070",SAN JUAN BAUTISTA JAYACATLAN
"20","1071",SAN JUAN BAUTISTA TLACOATZINTEPEC
"20","1072",SAN JUAN COATZOSPAM
"20","1073",SAN JUAN CHILATECA
"20","1074",SAN JUAN DEL ESTADO
"20","1075",SAN JUAN LACHIGALLA
"20","1076",SAN JUAN DE LOS CUES
"20","1077",SAN JUAN MIXTEPEC - DISTR. 26 -
"20","1078",SAN JUAN OZOLOTEPEC
"20","1079",SAN JUAN TEPEUXILA
"20","1080",SAN LORENZO CACAOTEPEC
"20","1081",SAN LORENZO CUAUNECUILTITLA
"20","1082",SAN LORENZO TEXMELUCAN
"20","1083",SAN LUCAS ZOQUIAPAM
"20","1084",SAN LUIS AMATLAN
"20","1085",SAN MARCIAL OZOLOTEPEC
"20","1086",SAN MARTIN DE LOS CANSECOS
"20","1087",SAN MARTIN LACHILA
"20","1088",SAN MARTIN TILCAJETE
"20","1089",SAN MARTIN TOXPALAN
"20","1090",SAN MATEO YOLOXOCHITLAN
"20","1091",SAN MATEO RIO HONDO
"20","1092",SAN MIGUEL COATLAN
"20","1093",SAN MIGUEL EJUTLA
"20","1094",SAN MIGUEL MIXTEPEC
"20","1095",SAN MIGUEL PERAS
"20","1096",SAN MIGUEL SANTA FLOR
"20","1097",VILLA SOLA DE VEGA
"20","1098",SAN MIGUEL SUCHIXTEPEC
"20","1099",SAN MIGUEL TILQUIAPAM
"20","1100",SAN NICOLAS
"20","1101",SAN PABLO COATLAN
"20","1102",SAN PABLO CUATRO VENADOS
"20","1103",SAN PABLO ETLA
"20","1104",SAN PABLO HUITZO
"20","1105",SAN PABLO HUIXTEPEC
"20","1106",SAN PEDRO APOSTOL
"20","1107",SAN PEDRO IXTLAHUACA
"20","1108",SAN PEDRO JALTEPETONGO
"20","1109",SAN PEDRO JOCOTIPAC
"20","1110",SAN PEDRO MARTIR
"20","1111",SAN PEDRO MIXTEPEC - DISTR. 26 -
"20","1112",SAN PEDRO OCOPETATILLO
"20","1113",SAN PEDRO SOCHIAPAM
"20","1114",SAN PEDRO TAVICHE
"20","1115",SAN PEDRO TEUTILA
"20","1116",VILLA DE ETLA
"20","1117",SAN RAYMUNDO JALPAN
"20","1118",SAN SEBASTIAN COATLAN
"20","1119",SAN SEBASTIAN RIO HONDO
"20","1120",SAN SEBASTIAN TUTLA
"20","1121",SAN SIMON ALMOLONGAS
"20","1122",SANTA ANA
"20","1123",SANTA ANA ATEIXTLAHUACA
"20","1124",SANTA ANA CUAUHTEMOC
"20","1125",SANTA ANA TLAPACOYAN
"20","1126",SANTA ANA ZEGACHE
"20","1127",SANTA CATARINA CUIXTLA
"20","1128",SANTA CATARINA MINAS
"20","1129",SANTA CATARINA QUIANE
"20","1130",SANTA CRUZ ACATEPEC
"20","1131",SANTA CRUZ AMILPAS
"20","1132",SANTA CRUZ MIXTEPEC
"20","1133",SANTA CRUZ XITLA
"20","1134",SANTA CRUZ XOXOCOTLAN
"20","1135",SANTA CRUZ ZENZONTEPEC
"20","1136",SANTA GERTRUDIS
"20","1137",SANTA INES DEL MONTE
"20","1138",SANTA INES YATZECHE
"20","1139",SANTA LUCIA DEL CAMINO
"20","1140",SANTA LUCIA MIAHUATLAN
"20","1141",SANTA LUCIA OCOTLAN
"20","1142",SANTA MARIA LA ASUNCION
"20","1143",AYOQUEZCO DE ALDAMA
"20","1144",SANTA MARIA ATZOMPA
"20","1145",SANTA MARIA COYOTEPEC
"20","1146",SANTA MARIA CHILCHOTLA
"20","1147",SANTA MARIA DEL TULE
"20","1148",SANTA MARIA IXCATLAN
"20","1149",SANTA MARIA LACHIXIO
"20","1150",SANTA MARIA OZOLOTEPEC
"20","1151",SANTA MARIA PAPALO
"20","1152",SANTA MARIA PEÑOLES
"20","1153",SANTA MARIA SOLA
"20","1154",SANTA MARIA TECOMAVACA
"20","1155",SANTA MARIA TEOPOXCO
"20","1156",SANTA MARIA TEXCATITLAN
"20","1157",SANTA MARIA TLALIXTAC
"20","1158",SANTA MARIA ZANIZA
"20","1159",SANTIAGO AMOLTEPEC
"20","1160",SANTIAGO APOSTOL
"20","1161",SANTIAGO MINAS
"20","1162",SANTIAGO NACALTEPEC
"20","1163",SANTIAGO SUCHILQUITONGO
"20","1164",SANTIAGO TENANGO
"20","1165",SANTIAGO TEXCALCINGO
"20","1166",SANTIAGO TEXTITLAN
"20","1167",SANTIAGO TLAZOYALTEPEC
"20","1168",SANTIAGO XANICA
"20","1169",SANTO DOMINGO OZOLOTEPEC
"20","1170",SANTO DOMINGO TEOJOMULCO
"20","1171",SANTO DOMINGO TOMALTEPEC
"20","1172",SANTOS REYES PAPALO
"20","1173",SANTO TOMAS JALIEZA
"20","1174",SANTO TOMAS MAZALTEPEC
"20","1175",SANTO TOMAS TAMAZULAPAM
"20","1176",SAN VICENTE COATLAN
"20","1177",SAN VICENTE LACHIXIO
"20","1178",SITIO DE XITLAPEHUA
"20","1179",SOLEDAD ETLA
"20","1180",TANICHE
"20","1181",TEOTITLAN DE FLORES MAGON
"20","1182",TLALIXTAC DE CABRERA
"20","1183",TRINIDAD ZAACHILA
"20","1184",VALERIO TRUJANO
"20","1185",YAXE
"20","1186",YOGANA
"20","1187",VILLA DE ZAACHILA
"20","1188",ZAPOTITLAN DEL RIO
"20","1189",ZIMATLAN DE ALVAREZ
"20","1190",ASUNCION IXTALTEPEC
"20","1191","BARRIO DE LA SOLEDAD, EL"
"20","1192",CIUDAD IXTEPEC
"20","1193",CHAHUITES
"20","1194","ESPINAL, EL"
"20","1195",GUEVEA DE HUMBOLDT
"20","1196",JUCHITAN DE ZARAGOZA
"20","1197",MAGDALENA TEQUISISTLAN
"20","1198",MAGDALENA TLACOTEPEC
"20","1199",MATIAS ROMERO
"20","1200",SANTIAGO NILTEPEC
"20","1201",REFORMA DE PINEDA
"20","1202",SALINA CRUZ
"20","1203",SAN BLAS ATEMPA
"20","1204",SAN DIONISIO DEL MAR
"20","1205",SAN FRANCISCO DEL MAR
"20","1206",SAN FRANCISCO IXHUATAN
"20","1207",SAN JUAN GUICHICOVI
"20","1208",SAN MATEO DEL MAR
"20","1209",SAN MIGUEL CHIMALAPA
"20","1210",SAN MIGUEL TENANGO
"20","1211",SAN PEDRO COMITANCILLO
"20","1212",SAN PEDRO HUAMELULA
"20","1213",SAN PEDRO HUILOTEPEC
"20","1214",SAN PEDRO TAPANATEPEC
"20","1215",SANTA MARIA CHIMALAPA
"20","1216",SANTA MARIA GUIENAGATI
"20","1217",SANTA MARIA JALAPA DEL MARQUES
"20","1218",SANTA MARIA MIXTEQUILLA
"20","1219",SANTA MARIA PETAPA
"20","1220",SANTA MARIA TOTOLAPILLA
"20","1221",SANTA MARIA XADANI
"20","1222",SANTIAGO ASTATA
"20","1223",SANTIAGO LACHIGUIRI
"20","1224",SANTIAGO LAOLLAGA
"20","1225",SANTO DOMINGO INGENIO
"20","1226",SANTO DOMINGO CHIHUITAN
"20","1227",SANTO DOMINGO PETAPA
"20","1228",SANTO DOMINGO TEHUANTEPEC
"20","1229",SANTO DOMINGO ZANATEPEC
"20","1230",UNION HIDALGO
"20","1231",ACATLAN DE PEREZ FIGUEROA
"20","1232",AYOTZINTEPEC
"20","1233",COSOLAPA
"20","1234",LOMA BONITA
"20","1235",SAN FELIPE JALAPA DE DIAZ
"20","1236",SAN FELIPE USILA
"20","1237",SAN JOSE CHILTEPEC
"20","1238",SAN JOSE INDEPENDENCIA
"20","1239",SAN JUAN BAUTISTA TUXTEPEC
"20","1240",SAN JUAN COMALTEPEC
"20","1241",SAN JUAN LALANA
"20","1242",SAN JUAN PETLAPA
"20","1243",SAN LUCAS OJITLAN
"20","1244",NUEVO SOYALTEPEC
"20","1245",SAN PEDRO IXCATLAN
"20","1246",SANTA MARIA JACATEPEC
"20","1247",SANTIAGO CHOAPAM
"20","1248",SANTIAGO JOCOTEPEC
"20","1249",SANTIAGO YAVEO
"20","1250",SAN JUAN BAUTISTA VALLE NACIONAL
"20","1251",CANDELARIA LOXICHA
"20","1252",MARTIRES DE TACUBAYA
"20","1253",PINOTEPA DE DON LUIS
"20","1254",PLUMA HIDALGO
"20","1255",SAN AGUSTIN CHAYUCO
"20","1256",SAN AGUSTIN LOXICHA
"20","1257",SAN ANDRES HUAXPALTEPEC
"20","1258",SAN ANTONIO TEPETLAPA
"20","1259",SAN BALTAZAR LOXICHA
"20","1260",SAN BARTOLOME LOXICHA
"20","1261",SAN GABRIEL MIXTEPEC
"20","1262",SAN JOSE ESTANCIA GRANDE
"20","1263",SAN JUAN BAUTISTA LO DE SOTO
"20","1264",SAN JUAN CACAHUATEPEC
"20","1265",SAN JUAN COLORADO
"20","1266",SAN JUAN LACHAO
"20","1267",SAN JUAN QUIAHIJE
"20","1268",SAN LORENZO
"20","1269",SAN MATEO PIÑAS
"20","1270",SAN MIGUEL DEL PUERTO
"20","1271",SAN MIGUEL PANIXTLAHUACA
"20","1272",SAN MIGUEL TLACAMAMA
"20","1273",SAN PEDRO ATOYAC
"20","1274",SAN PEDRO EL ALTO
"20","1275",SAN PEDRO JICAYAN
"20","1276",SAN PEDRO JUCHATENGO
"20","1277",SAN PEDRO MIXTEPEC - DISTR. 22 -
"20","1278",SAN PEDRO POCHUTLA
"20","1279",SAN PEDRO TUTUTEPEC
"20","1280",SAN SEBASTIAN IXCAPA
"20","1281",SANTA CATARINA JUQUILA
"20","1282",SANTA CATARINA LOXICHA
"20","1283",SANTA CATARINA MECHOACAN
"20","1284",SANTA MARIA COLOTEPEC
"20","1285",SANTA MARIA CORTIJO
"20","1286",SANTA MARIA HUATULCO
"20","1287",SANTA MARIA HUAZOLOTITLAN
"20","1288",SANTA MARIA TEMAXCALTEPEC
"20","1289",SANTA MARIA TONAMECA
"20","1290",SANTIAGO IXTAYUTLA
"20","1291",SANTIAGO JAMILTEPEC
"20","1292",SANTIAGO LLANO GRANDE
"20","1293",SANTIAGO PINOTEPA NACIONAL
"20","1294",SANTIAGO TAPEXTLA
"20","1295",SANTIAGO TETEPEC
"20","1296",SANTIAGO YAITEPEC
"20","1297",SANTO DOMINGO ARMENTA
"20","1298",SANTO DOMINGO DE MORELOS
"20","1299",SANTOS REYES NOPALA
"20","1300",TATALTEPEC DE VALDES
"20","1301",ASUNCION CUYOTEPEJI
"20","1302",ASUNCION NOCHIXTLAN
"20","1303",CALIHUALA
"20","1304",COICOYAN DE LAS FLORES
"20","1305",CONCEPCION BUENAVISTA
"20","1306",CONSTANCIA DEL ROSARIO
"20","1307",COSOLTEPEC
"20","1308",CHALCATONGO DE HIDALGO
"20","1309",FRESNILLO DE TRUJANO
"20","1310",GUADALUPE RAMIREZ
"20","1311",MESONES HIDALGO
"20","1312",HUAJUAPAM DE LEON
"20","1313",MAGDALENA JALTEPEC
"20","1314",SANTA MAGDALENA JICOTLAN
"20","1315",MAGDALENA PEÑASCO
"20","1316",MAGDALENA ZAHUATLAN
"20","1317",MARISCALA DE JUAREZ
"20","1318",IXPANTEPEC NIEVES
"20","1319",PUTLA VILLA DE GUERRERO
"20","1320","REFORMA, LA"
"20","1321",SAN AGUSTIN ATENANGO
"20","1322",SAN AGUSTIN TLACOTEPEC
"20","1323",SAN ANDRES CABECERA NUEVA
"20","1324",SAN ANDRES DINICUITI
"20","1325",SAN ANDRES LAGUNAS
"20","1326",SAN ANDRES NUXIÑO
"20","1327",SAN ANDRES SINAXTLA
"20","1328",SAN ANDRES TEPETLAPA
"20","1329",SAN ANTONINO MONTE VERDE
"20","1330",SAN ANTONIO ACUTLA
"20","1331",SAN ANTONIO SINICAHUA
"20","1332",SAN BARTOLOME YUCUAÑE
"20","1333",SAN BARTOLO SOYALTEPEC
"20","1334",SAN CRISTOBAL AMOLTEPEC
"20","1335",SAN CRISTOBAL SUCHIXTLAHUACA
"20","1336",SAN ESTEBAN ATATLAHUCA
"20","1337",SAN FRANCISCO CHINDUA
"20","1338",SAN FRANCISCO JALTEPETONGO
"20","1339",SAN FRANCISCO NUXAÑO
"20","1340",SAN FRANCISCO TEOPAN
"20","1341",SAN FRANCISCO TLAPANCINGO
"20","1342",SAN JERONIMO SILACAYOAPILLA
"20","1343",SAN JORGE NUCHITA
"20","1344",SAN JOSE AYUQUILA
"20","1345",SAN JUAN ACHIUTLA
"20","1346",SAN JUAN BAUTISTA COIXTLAHUACA
"20","1347",SAN JUAN BAUTISTA SUCHITEPEC
"20","1348",SAN JUAN BAUTISTA TLACHICHILCO
"20","1349",SAN JUAN CIENEGUILLA
"20","1350",SAN JUAN DIUXI
"20","1351",SAN JUAN IHUALTEPEC
"20","1352",SAN JUAN MIXTEPEC -DISTR. 08-
"20","1353",SAN JUAN ÑUMI
"20","1354",SAN JUAN SAYULTEPEC
"20","1355",SAN JUAN TAMAZOLA
"20","1356",SAN JUAN TEITA
"20","1357",SAN JUAN TEPOSCOLULA
"20","1358",SAN JUAN YUCUITA
"20","1359",SAN LORENZO VICTORIA
"20","1360",SAN MARCOS ARTEAGA
"20","1361",SAN MARTIN HUAMELULPAM
"20","1362",SAN MARTIN ITUNYOSO
"20","1363",SAN MARTIN PERAS
"20","1364",SAN MARTIN ZACATEPEC
"20","1365",SAN MATEO ETLATONGO
"20","1366",SAN MATEO NEJAPAM
"20","1367",SAN MATEO PEÑASCO
"20","1368",SAN MATEO SINDIHUI
"20","1369",SAN MATEO TLAPILTEPEC
"20","1370",SAN MIGUEL ACHIUTLA
"20","1371",SAN MIGUEL AHUEHUETITLAN
"20","1372",SAN MIGUEL AMATITLAN
"20","1373",SAN MIGUEL CHICAHUA
"20","1374",SAN MIGUEL EL GRANDE
"20","1375",SAN MIGUEL HUAUTLA
"20","1376",SAN MIGUEL PIEDRAS
"20","1377",SAN MIGUEL TECOMATLAN
"20","1378",SAN MIGUEL TEQUIXTEPEC
"20","1379",SAN MIGUEL TLACOTEPEC
"20","1380",SAN MIGUEL TULANCINGO
"20","1381",SAN NICOLAS HIDALGO
"20","1382",SAN PABLO TIJALTEPEC
"20","1383",SAN PEDRO AMUZGOS
"20","1384",SAN PEDRO CANTAROS COXCALTEPEC
"20","1385",SAN PEDRO MARTIR YUCUXACO
"20","1386",SAN PEDRO MOLINOS
"20","1387",SAN PEDRO NOPALA
"20","1388",SAN PEDRO TEOZACOALCO
"20","1389",SAN PEDRO TIDAA
"20","1390",SAN PEDRO TOPILTEPEC
"20","1391",SAN PEDRO Y SAN PABLO TEPOSCOLULA
"20","1392",SAN PEDRO Y SAN PABLO TEQUIXTEPEC
"20","1393",SAN PEDRO YUCUNAMA
"20","1394",SAN SEBASTIAN NICANANDUTA
"20","1395",SAN SEBASTIAN TECOMAXTLAHUACA
"20","1396",SAN SIMON ZAHUATLAN
"20","1397",SANTA CATARINA TAYATA
"20","1398",SANTA CATARINA TICUA
"20","1399",SANTA CATARINA YOSONOTU
"20","1400",SANTA CATARINA ZAPOQUILA
"20","1401",SANTA CRUZ DE BRAVO
"20","1402",SANTA CRUZ ITUNDUJIA
"20","1403",SANTA CRUZ NUNDACO
"20","1404",SANTA CRUZ TACACHE DE MINA
"20","1405",SANTA CRUZ TACAHUA
"20","1406",SANTA CRUZ TAYATA
"20","1407",SANTA LUCIA MONTEVERDE
"20","1408",SANTA MARIA APAZCO
"20","1409",HEROICA CIUDAD DE TLAXIACO
"20","1410",SANTA MARIA CAMOTLAN
"20","1411",SANTA MARIA CHACHOAPAM
"20","1412",SANTA MARIA CHILAPA DE DIAZ
"20","1413",SANTA MARIA DEL ROSARIO
"20","1414",SANTA MARIA IPALAPA
"20","1415",SANTA MARIA NATIVITAS
"20","1416",SANTA MARIA NDUAYACO
"20","1417",SANTA MARIA TATALTEPEC
"20","1418",SANTA MARIA YOLOTEPEC
"20","1419",SANTA MARIA YOSOYUA
"20","1420",SANTA MARIA YUCUHITI
"20","1421",SANTA MARIA ZACATEPEC
"20","1422",SANTIAGO APOALA
"20","1423",SANTIAGO AYUQUILILLA
"20","1424",SANTIAGO CACALOXTEPEC
"20","1425",SANTIAGO CHAZUMBA
"20","1426",SANTIAGO DEL RIO
"20","1427",SANTIAGO HUAJOLOTITLAN
"20","1428",SANTIAGO HUAUCLILLA
"20","1429",SANTIAGO IHUITLAN PLUMAS
"20","1430",SANTIAGO JUXTLAHUACA
"20","1431",SANTIAGO MILTEPEC
"20","1432",SANTIAGO NEJAPILLA
"20","1433",SANTIAGO NUNDICHE
"20","1434",SANTIAGO NUYOO
"20","1435",SANTIAGO TAMAZOLA
"20","1436",VILLA TEJUPAM DE LA UNION
"20","1437",SANTIAGO TEPETLAPA
"20","1438",SANTIAGO TILANTONGO
"20","1439",SANTIAGO TILLO
"20","1440",SANTIAGO YOLOMECATL
"20","1441",SANTIAGO YOSONDUA
"20","1442",SANTIAGO YUCUYACHI
"20","1443",SANTO DOMINGO IXCATLAN
"20","1444",SANTO DOMINGO NUXAA
"20","1445",SANTO DOMINGO TLATAYAPAM
"20","1446",SANTO DOMINGO TONALA
"20","1447",SANTO DOMINGO TONALTEPEC
"20","1448",SANTO DOMINGO YANHUITLAN
"20","1449",SANTO DOMINGO YODOHINO
"20","1450",SANTOS REYES TEPEJILLO
"20","1451",SANTOS REYES YUCUNA
"20","1452",SANTO TOMAS OCOTEPEC
"20","1453",SAN VICENTE NUÑU
"20","1454",SILACAYOAPAM
"20","1455",VILLA DE TAMAZULAPAM DEL PROGRESO
"20","1456",TEOTONGO
"20","1457",TEPELMEME VILLA DE MORELOS
"20","1458",TEZOATLAN DE SEGURA Y LUNA
"20","1459",TLACOTEPEC PLUMAS
"20","1460","TRINIDAD VISTA HERMOSA, LA"
"20","1461",MAGDALENA YODOCONO DE PORFIRIO DIAZ
"20","1462",YUTANDUCHI DE GUERRERO
"20","1463",ZAPOTITLAN LAGUNAS
"20","1464",ZAPOTITLAN PALMAS
"20","1465",SANTA INES DE ZARAGOZA
"20","1466",ABEJONES
"20","1467",ASUNCION CACALOTEPEC
"20","1468",ASUNCION TLACOLULITA
"20","1469",TAMAZULAPAM DEL ESPIRITU SANTO
"20","1470",GUELATAO DE JUAREZ
"20","1471",VILLA HIDALGO
"20","1472",IXTLAN DE JUAREZ
"20","1473",MAGDALENA TEITIPAC
"20","1474",MIXISTLAN DE LA REFORMA
"20","1475",NATIVIDAD
"20","1476",NEJAPA DE MADERO
"20","1477",SANTA CATARINA QUIOQUITANI
"20","1478",ROJAS DE CUAUHTEMOC
"20","1479",SAN ANDRES SOLAGA
"20","1480",SAN ANDRES YAA
"20","1481",SAN BALTAZAR YATZACHI EL BAJO
"20","1482",SAN BARTOLOME QUIALANA
"20","1483",SAN BARTOLOME ZOOGOCHO
"20","1484",SAN BARTOLO YAUTEPEC
"20","1485",SAN CARLOS YAUTEPEC
"20","1486",SAN CRISTOBAL LACHIRIOAG
"20","1487",SAN DIONISIO OCOTEPEC
"20","1488",SAN FRANCISCO CAJONOS
"20","1489",SAN FRANCISCO LACHIGOLO
"20","1490",SAN ILDEFONSO VILLA ALTA
"20","1491",SAN JUAN ATEPEC
"20","1492",SAN JUAN COTZOCON
"20","1493",SAN JUAN CHICOMEZUCHIL
"20","1494",SAN JUAN DEL RIO
"20","1495",SAN JUAN EVANGELISTA ANALCO
"20","1496",SAN JUAN GUELAVIA
"20","1497",SAN JUAN JUQUILA MIXES
"20","1498",SAN JUAN JUQUILA VIJANOS
"20","1499",SAN JUAN LAJARCIA
"20","1500",SAN JUAN MAZATLAN
"20","1501",SAN JUAN QUIOTEPEC
"20","1502",SAN JUAN TABAA
"20","1503",SAN JUAN TEITIPAC
"20","1504",SAN JUAN YAE
"20","1505",SAN JUAN YATZONA
"20","1506",SAN LORENZO ALBARRADAS
"20","1507",SAN LUCAS CAMOTLAN
"20","1508",SAN LUCAS QUIAVINI
"20","1509",SAN MATEO CAJONOS
"20","1510",CAPULALPAM DE MENDEZ
"20","1511",SAN MELCHOR BETAZA
"20","1512",SAN MIGUEL ALOAPAM
"20","1513",SAN MIGUEL AMATLAN
"20","1514",SAN MIGUEL DEL RIO
"20","1515",SAN MIGUEL QUETZALTEPEC
"20","1516",SAN MIGUEL TALEA DE CASTRO
"20","1517",SAN MIGUEL YOTAO
"20","1518",SAN PABLO MACUILTIANGUIS
"20","1519",SAN PABLO VILLA DE MITLA
"20","1520",SAN PABLO YAGANIZA
"20","1521",SAN PEDRO CAJONOS
"20","1522",SAN PEDRO MARTIR QUIECHAPA
"20","1523",SAN PEDRO OCOTEPEC
"20","1524",SAN PEDRO QUIATONI
"20","1525",SAN PEDRO TOTOLAPA
"20","1526",SAN PEDRO YANERI
"20","1527",SAN PEDRO YOLOX
"20","1528",SAN PEDRO Y SAN PABLO AYUTLA
"20","1529",SAN SEBASTIAN ABASOLO
"20","1530",SAN SEBASTIAN TEITIPAC
"20","1531",SANTA ANA DEL VALLE
"20","1532",SANTA ANA TAVELA
"20","1533",SANTA ANA YARENI
"20","1534",SANTA CATALINA QUIERI
"20","1535",SANTA CATARINA IXTEPEJI
"20","1536",SANTA CATARINA LACHATAO
"20","1537",SANTA CRUZ PAPALUTLA
"20","1538",SANTA MARIA ALOTEPEC
"20","1539",SANTA MARIA ECATEPEC
"20","1540",SANTA MARIA GUELACE
"20","1541",SANTA MARIA JALTIANGUIS
"20","1542",SANTA MARIA QUIEGOLANI
"20","1543",SANTA MARIA TEMAXCALAPA
"20","1544",SANTA MARIA TEPANTLALI
"20","1545",SANTA MARIA TLAHUITOLTEPEC
"20","1546",SANTA MARIA YALINA
"20","1547",SANTA MARIA YAVESIA
"20","1548",SANTA MARIA ZOQUITLAN
"20","1549",SANTIAGO ATITLAN
"20","1550",SANTIAGO CAMOTLAN
"20","1551",SANTIAGO COMALTEPEC
"20","1552",SANTIAGO IXCUINTEPEC
"20","1553",SANTIAGO LALOPA
"20","1554",SANTIAGO LAXOPA
"20","1555",SANTIAGO MATATLAN
"20","1556",SANTIAGO XIACUI
"20","1557",SANTIAGO ZACATEPEC
"20","1558",SANTIAGO ZOOCHILA
"20","1559",NUEVO ZOQUIAPAM
"20","1560",SANTO DOMINGO ALBARRADAS
"20","1561",SANTO DOMINGO ROAYAGA
"20","1562",SANTO DOMINGO TEPUXTEPEC
"20","1563",SANTO DOMINGO XAGACIA
"20","1564",TANETZE DE ZARAGOZA
"20","1565",TEOCOCUILCO DE MARCOS PEREZ
"20","1566",TEOTITLAN DEL VALLE
"20","1567",SAN JERONIMO TLACOCHAHUAYA
"20","1568",TLACOLULA DE MATAMOROS
"20","1569",TOTONTEPEC VILLA DE MORELOS
"20","1570",VILLA DIAZ ORDAZ
"20","1571",SE IGNORA
"21","1572",AHUAZOTEPEC
"21","1573",CHICONCUAUTLA
"21","1574",CHILA  HONEY
"21","1575",FRANCISCO Z. MENA
"21","1576",HUAUCHINANGO
"21","1577",JALPAN
"21","1578",JOPALA
"21","1579",JUAN GALINDO
"21","1580",NAUPAN
"21","1581",PAHUATLAN
"21","1582",PANTEPEC
"21","1583",SAN JOSE MIAHUATLAN
"21","1584",TLACUILOTEPEC
"21","1585",TLAOLA
"21","1586",TLAXCO
"21","1587",VENUSTIANO CARRANZA
"21","1588",XICOTEPEC
"21","1589",ZIHUATEUTLA
"21","1590",AHUACATLAN
"21","1591",AMIXTLAN
"21","1592",AQUIXTLA
"21","1593",CAMOCUAUTLA
"21","1594",COATEPEC
"21","1595",CUAUTEMPAN
"21","1596",CHIGNAHUAPAN
"21","1597",HERMENEGILDO GALEANA
"21","1598",IXTACAMAXTITLAN
"21","1599",SAN FELIPE TEPATLAN
"21","1600",TEPANGO DE RODRIGUEZ
"21","1601",TEPETZINTLA
"21","1602",TETELA DE OCAMPO
"21","1603",TLAPACOYA
"21","1604",ZACATLAN
"21","1605",ACATENO
"21","1606",ATEMPAN
"21","1607",AYOTOXCO DE GUERRERO
"21","1608",CAXHUACAN
"21","1609",CUETZALAN DEL PROGRESO
"21","1610",CHIGNAUTLA
"21","1611",HUEHUETLA
"21","1612",HUEYAPAN
"21","1613",HUEYTAMALCO
"21","1614",HUEYTLALPAN
"21","1615",HUITZILAN DE SERDAN
"21","1616",IGNACIO ALLENDE
"21","1617",IXTEPEC
"21","1618",NAUZONTLA
"21","1619",OLINTLA
"21","1620",TENAMPULCO
"21","1621",TETELES DE AVILA CASTILLO
"21","1622",TEZIUTLAN
"21","1623",TLATLAUQUITEPEC
"21","1624",TUZAMAPAN DE GALEANA
"21","1625",XIUTETELCO
"21","1626",XOCHIAPULCO
"21","1627",XOCHITLAN DE VICENTE SUAREZ
"21","1628",YAONAHUAC
"21","1629",ZACAPOAXTLA
"21","1630",ZAPOTITLAN DE MENDEZ
"21","1631",ZARAGOZA
"21","1632",ZONGOZOTLA
"21","1633",ZOQUIAPAN
"21","1634",ALJOJUCA
"21","1635",ATZITZINTLA
"21","1636",CUYOACO
"21","1637",CHALCHICOMULA DE SESMA
"21","1638",CHICHIQUILA
"21","1639",CHILCHOTLA
"21","1640",ESPERANZA
"21","1641",GUADALUPE VICTORIA
"21","1642",LAFRAGUA
"21","1643",LIBRES
"21","1644",MAZAPILTEPEC DE JUAREZ
"21","1645",CAÑADA MORELOS
"21","1646",NOPALUCAN
"21","1647",OCOTEPEC
"21","1648",ORIENTAL
"21","1649",QUIMIXTLAN
"21","1650",RAFAEL LARA GRAJALES
"21","1651",SAN JOSE CHIAPA
"21","1652",SAN JUAN ATENCO
"21","1653",SAN NICOLAS BUENOS AIRES
"21","1654",SAN SALVADOR EL SECO
"21","1655",SOLTEPEC
"21","1656",TEPEYAHUALCO
"21","1657",TLACHICHUCA
"21","1658",ZAUTLA
"21","1659",ATLIXCO
"21","1660",ATZITZIHUACAN
"21","1661",CALPAN
"21","1662",CORONANGO
"21","1663",CUAUTLANCINGO
"21","1664",CHIAUTZINGO
"21","1665",HUAQUECHULA
"21","1666",HUEJOTZINGO
"21","1667",JUAN C. BONILLA
"21","1668",NEALTICAN
"21","1669",OCOYUCAN
"21","1670",SAN ANDRES CHOLULA
"21","1671",SAN DIEGO LA MESA TOCHIMILTZINGO
"21","1672",SAN FELIPE TEOTLALCINGO
"21","1673",SAN GREGORIO ATZOMPA
"21","1674",SAN JERONIMO TECUANIPAN
"21","1675",SAN MARTIN TEXMELUCAN
"21","1676",SAN MATIAS TLALANCALECA
"21","1677",SAN MIGUEL XOXTLA
"21","1678",SAN NICOLAS DE LOS RANCHOS
"21","1679",SAN PEDRO CHOLULA
"21","1680",SAN SALVADOR EL VERDE
"21","1681",SANTA ISABEL CHOLULA
"21","1682",TIANGUISMANALCO
"21","1683",TLAHUAPAN
"21","1684",TLALTENANGO
"21","1685",TOCHIMILCO
"21","1686",DOMINGO ARENAS
"21","1687",PUEBLA
"21","1688",ACTEOPAN
"21","1689",AHUATLAN
"21","1690",ATZALA
"21","1691",COATZINGO
"21","1692",COHETZALA
"21","1693",COHUECAN
"21","1694",CHIAUTLA
"21","1695",CHIETLA
"21","1696",EPATLAN
"21","1697",HUEHUETLAN EL CHICO
"21","1698",IXCAMILPA DE GUERRERO
"21","1699",IZUCAR DE MATAMOROS
"21","1700",JOLALPAN
"21","1701",JONOTLA
"21","1702",SAN MARTIN TOTOLTEPEC
"21","1703",HUEHUETLAN EL GRANDE
"21","1704",TEOPANTLAN
"21","1705",TEOTLALCO
"21","1706",TEPEMAXALCO
"21","1707",TEPEOJUMA
"21","1708",TEPEXCO
"21","1709",TILAPA
"21","1710",TLAPANALA
"21","1711",XOCHILTEPEC
"21","1712",ACATLAN
"21","1713",AHUEHUETITLA
"21","1714",ALBINO ZERTUCHE
"21","1715",AXUTLA
"21","1716",CUAYUCA DE ANDRADE
"21","1717",CHILA
"21","1718",CHILA DE LA SAL
"21","1719",CHINANTLA
"21","1720",GUADALUPE
"21","1721",PETLALCINGO
"21","1722",PIAXTLA
"21","1723",SAN JERONIMO XAYACATLAN
"21","1724",SAN MIGUEL IXITLAN
"21","1725",SAN PABLO ANICANO
"21","1726",SAN PEDRO YELOIXTLAHUACA
"21","1727",TECOMATLAN
"21","1728",TEHUITZINGO
"21","1729",TOTOLTEPEC DE GUERRERO
"21","1730",TULCINGO
"21","1731",XAYACATLAN DE BRAVO
"21","1732",XICOTLAN
"21","1733",ACAJETE
"21","1734",ACATZINGO
"21","1735",AMOZOC
"21","1736",ATEXCAL
"21","1737",ATOYATEMPAN
"21","1738",COYOTEPEC
"21","1739",CUAPIAXTLA DE MADERO
"21","1740",CUAUTINCHAN
"21","1741",CHIGMECATITLAN
"21","1742",GENERAL FELIPE ANGELES
"21","1743",HUATLATLAUCA
"21","1744",HUITZILTEPEC
"21","1745",IXCAQUIXTLA
"21","1746",JUAN N. MENDEZ
"21","1747","MAGDALENA TLATLAUQUITEPEC, LA"
"21","1748",MIXTLA
"21","1749",MOLCAXAC
"21","1750",PALMAR DE BRAVO
"21","1751",QUECHOLAC
"21","1752","REYES DE JUAREZ, LOS"
"21","1753",SAN JUAN ATZOMPA
"21","1754",SAN SALVADOR HUIXCOLOTLA
"21","1755",SANTA CATARINA TLALTEMPAN
"21","1756",SANTA INES AHUATEMPAN
"21","1757",SANTO TOMAS HUEYOTLIPAN
"21","1758",TECALI DE HERRERA
"21","1759",TECAMACHALCO
"21","1760",TEPATLAXCO DE HIDALGO
"21","1761",TEPEACA
"21","1762",TEPEXI DE RODRIGUEZ
"21","1763",TEPEYAHUALCO DE CUAUHTEMOC
"21","1764",TLACOTEPEC DE BENITO JUAREZ
"21","1765",TLANEPANTLA
"21","1766",TOCHTEPEC
"21","1767",TZICATLACOYAN
"21","1768",XOCHITLAN TODOS SANTOS
"21","1769",YEHUALTEPEC
"21","1770",ZACAPALA
"21","1771",AJALPAN
"21","1772",ALTEPEXI
"21","1773",CALTEPEC
"21","1774",COXCATLAN
"21","1775",COYOMEAPAN
"21","1776",CHAPULCO
"21","1777",ELOXOCHITLAN
"21","1778",NICOLAS BRAVO
"21","1779",SAN ANTONIO CAÑADA
"21","1780",SAN GABRIEL CHILAC
"21","1781",SAN SEBASTIAN TLACOTEPEC
"21","1782",SANTIAGO MIAHUATLAN
"21","1783",TEHUACAN
"21","1784",TEPANCO DE LOPEZ
"21","1785",VICENTE GUERRERO
"21","1786",ZAPOTITLAN
"21","1787",ZINACATEPEC
"21","1788",ZOQUITLAN
"21","1789",SE IGNORA
"22","1790",CORREGIDORA
"22","1791",HUIMILPAN
"22","1792","MARQUES, EL"
"22","1793",QUERETARO
"22","1794",AMEALCO DE BONFIL
"22","1795",COLON
"22","1796",PEDRO ESCOBEDO
"22","1797",SAN JUAN DEL RIO
"22","1798",TEQUISQUIAPAN
"22","1799",CADEREYTA DE MONTES
"22","1800",EZEQUIEL MONTES
"22","1801",PEÑAMILLER
"22","1802",SAN JOAQUIN
"22","1803",TOLIMAN
"22","1804",PINAL DE AMOLES
"22","1805",ARROYO SECO
"22","1806",JALPAN DE SERRA
"22","1807",LANDA DE MATAMOROS
"22","1808",SE IGNORA
"23","1809",NO ESPECIFICADO
"23","1810",OTHON P. BLANCO
"23","1811",COZUMEL
"23","1812",ISLA MUJERES
"23","1813",BENITO JUAREZ
"23","1814",LAZARO CARDENAS
"23","1815",SOLIDARIDAD
"23","1816",FELIPE CARRILLO PUERTO
"23","1817",JOSE MARIA MORELOS
"23","1818",SE IGNORA
"24","1819",AHUALULCO
"24","1820",MEXQUITIC DE CARMONA
"24","1821",MOCTEZUMA
"24","1822",SALINAS
"24","1823",SAN LUIS POTOSI
"24","1824",VILLA DE ARRIAGA
"24","1825",VILLA DE RAMOS
"24","1826",VILLA DE REYES
"24","1827",CATORCE
"24","1828",CEDRAL
"24","1829",CHARCAS
"24","1830",MATEHUALA
"24","1831",SANTO DOMINGO
"24","1832",VANEGAS
"24","1833",VENADO
"24","1834",VILLA DE GUADALUPE
"24","1835",VILLA DE LA PAZ
"24","1836",ARMADILLO DE LOS INFANTE
"24","1837",CERRITOS
"24","1838",CERRO DE SAN PEDRO
"24","1839",GUADALCAZAR
"24","1840",SAN NICOLAS TOLENTINO
"24","1841",SANTA MARIA DEL RIO
"24","1842",SOLEDAD DE GRACIANO SANCHEZ
"24","1843",TIERRANUEVA
"24","1844",VILLA HIDALGO
"24","1845",VILLA JUAREZ
"24","1846",ZARAGOZA
"24","1847",VILLA DE ARISTA
"24","1848",ALAQUINES
"24","1849",CARDENAS
"24","1850",CIUDAD DEL MAIZ
"24","1851",CIUDAD FERNANDEZ
"24","1852",LAGUNILLAS
"24","1853",RAYON
"24","1854",RIOVERDE
"24","1855",SAN CIRO DE ACOSTA
"24","1856",SANTA CATARINA
"24","1857",AQUISMON
"24","1858",CIUDAD VALLES
"24","1859",EBANO
"24","1860",SAN VICENTE TANCUAYALAB
"24","1861",TAMASOPO
"24","1862",TAMUIN
"24","1863",TANLAJAS
"24","1864",TANQUIAN DE ESCOBEDO
"24","1865","NARANJO, EL"
"24","1866",TANCANHUITZ DE SANTOS
"24","1867",COXCATLAN
"24","1868",HUEHUETLAN
"24","1869",SAN ANTONIO
"24","1870",SAN MARTIN CHALCHICUAUTLA
"24","1871",TAMAZUNCHALE
"24","1872",TAMPACAN
"24","1873",TAMPAMOLON CORONA
"24","1874",AXTLA DE TERRAZAS
"24","1875",XILITLA
"24","1876",MATLAPA
"24","1877",SE IGNORA
"25","1878",AHOME
"25","1879",CHOIX
"25","1880",FUERTE
"25","1881",GUASAVE
"25","1882",SINALOA
"25","1883",ANGOSTURA
"25","1884",MOCORITO
"25","1885",SALVADOR ALVARADO
"25","1886",BADIRAGUATO
"25","1887",COSALA
"25","1888",CULIACAN
"25","1889",ELOTA
"25","1890",NAVOLATO
"25","1891",CONCORDIA
"25","1892",MAZATLAN
"25","1893",SAN IGNACIO
"25","1894",ESCUINAPA
"25","1895",ROSARIO
"25","1896",SE IGNORA
"26","1897",ACONCHI
"26","1898",ARIVECHI
"26","1899",BACADEHUACHI
"26","1900",BACANORA
"26","1901",BANAMICHI
"26","1902",BAVIACORA
"26","1903",CARBO
"26","1904","COLORADA, LA"
"26","1905",CUMPAS
"26","1906",DIVISADEROS
"26","1907",GRANADOS
"26","1908",HERMOSILLO
"26","1909",HUASABAS
"26","1910",HUEPAC
"26","1911",MAZATAN
"26","1912",MOCTEZUMA
"26","1913",NACORI CHICO
"26","1914",NACOZARI DE GARCIA
"26","1915",ONAVAS
"26","1916",OPODEPE
"26","1917",PITIQUITO
"26","1918",RAYON
"26","1919",SAHUARIPA
"26","1920",SAN FELIPE DE JESUS
"26","1921",SAN JAVIER
"26","1922",SAN MIGUEL DE HORCASITAS
"26","1923",SAN PEDRO DE LA CUEVA
"26","1924",SOYOPA
"26","1925",SUAQUI GRANDE
"26","1926",TEPACHE
"26","1927",URES
"26","1928",VILLA HIDALGO
"26","1929",VILLA PESQUEIRA
"26","1930",ALTAR
"26","1931",ATIL
"26","1932",CABORCA
"26","1933",OQUITOA
"26","1934",PUERTO PEÑASCO
"26","1935",SAN LUIS RIO COLORADO
"26","1936",SARIC
"26","1937",TUBUTAMA
"26","1938",GENERAL PLUTARCO ELIAS CALLES
"26","1939",AGUA PRIETA
"26","1940",ARIZPE
"26","1941",BACERAC
"26","1942",BACOACHI
"26","1943",BAVISPE
"26","1944",BENJAMIN HILL
"26","1945",CANANEA
"26","1946",CUCURPE
"26","1947",FRONTERAS
"26","1948",HUACHINERA
"26","1949",IMURIS
"26","1950",MAGDALENA
"26","1951",NACO
"26","1952",NOGALES
"26","1953",SANTA ANA
"26","1954",SANTA CRUZ
"26","1955",TRINCHERAS
"26","1956",BACUM
"26","1957",CAJEME
"26","1958",EMPALME
"26","1959",GUAYMAS
"26","1960",QUIRIEGO
"26","1961",ROSARIO
"26","1962",YECORA
"26","1963",SAN IGNACIO RIO MUERTO
"26","1964",ALAMOS
"26","1965",ETCHOJOA
"26","1966",HUATABAMPO
"26","1967",NAVOJOA
"26","1968",BENITO JUAREZ
"26","1969",SE IGNORA
"27","1970",BALANCAN
"27","1971",CARDENAS
"27","1972",CENTLA
"27","1973",CENTRO
"27","1974",COMALCALCO
"27","1975",CUNDUACAN
"27","1976",EMILIANO ZAPATA
"27","1977",HUIMANGUILLO
"27","1978",JALAPA
"27","1979",JALPA DE MENDEZ
"27","1980",JONUTA
"27","1981",MACUSPANA
"27","1982",NACAJUCA
"27","1983",PARAISO
"27","1984",TACOTALPA
"27","1985",TEAPA
"27","1986",TENOSIQUE
"27","1987",SE IGNORA
"28","1988",ABASOLO
"28","1989",CASAS
"28","1990",G?EMEZ
"28","1991",HIDALGO
"28","1992",JIMENEZ
"28","1993",LLERA
"28","1994",MAINERO
"28","1995",PADILLA
"28","1996",SAN CARLOS
"28","1997",SAN NICOLAS
"28","1998",SOTO LA MARINA
"28","1999",VICTORIA
"28","2000",VILLAGRAN
"28","2001",ALDAMA
"28","2002",ALTAMIRA
"28","2003",CIUDAD MADERO
"28","2004",GONZALEZ
"28","2005",TAMPICO
"28","2006",MATAMOROS
"28","2007",VALLE HERMOSO
"28","2008",CAMARGO
"28","2009",GUSTAVO DIAZ ORDAZ
"28","2010",REYNOSA
"28","2011",RIO BRAVO
"28","2012",GUERRERO
"28","2013",MIER
"28","2014",MIGUEL ALEMAN
"28","2015",NUEVO LAREDO
"28","2016",ANTIGUO MORELOS
"28","2017",GOMEZ FARIAS
"28","2018","MANTE,EL"
"28","2019",NUEVO MORELOS
"28","2020",OCAMPO
"28","2021",XICOTENCATL
"28","2022",BURGOS
"28","2023",CRUILLAS
"28","2024",MENDEZ
"28","2025",SAN FERNANDO
"28","2026",BUSTAMANTE
"28","2027",JAUMAVE
"28","2028",MIQUIHUANA
"28","2029",PALMILLAS
"28","2030",TULA
"28","2031",SE IGNORA
"29","2032",AMAXAC DE GUERRERO
"29","2033",APETATITLAN DE ANTONIO CARVAJAL
"29","2034",CHIAUTEMPAN
"29","2035",IXTACUIXTLA DE MARIANO MATAMOROS
"29","2036",MAZATECOCHCO DE JOSE MARIA MORELOS
"29","2037",CONTLA DE JUAN CUAMATZI
"29","2038",TEPETITLA DE LARDIZABAL
"29","2039",ACUAMANALA DE MIGUEL HIDALGO
"29","2040",NATIVITAS
"29","2041",PANOTLA
"29","2042",SAN PABLO DEL MONTE
"29","2043",SANTA CRUZ TLAXCALA
"29","2044",TENANCINGO
"29","2045",TEOLOCHOLCO
"29","2046",TEPEYANCO
"29","2047",TETLATLAHUCA
"29","2048",TLAXCALA
"29","2049",TOTOLAC
"29","2050",PAPALOTLA DE XICOHTENCATL
"29","2051",XICOTZINGO
"29","2052",ZACATELCO
"29","2053",LA MAGDALENA TLALTELULCO
"29","2054",SAN DAMIAN TEXOLOC
"29","2055",SAN FRANCISCO TETLANOHCAN
"29","2056",SAN JERONIMO ZACUALPAN
"29","2057",SAN JUAN HUACTZINCO
"29","2058",SAN LORENZO AXOCOMANITLA
"29","2059",SANTA ANA NOPALUCAN
"29","2060",SANTA APOLONIA TEACALCO
"29","2061",SANTA CATARINA AYOMETLA
"29","2062",SANTA CRUZ QUILETLA
"29","2063",SANTA ISABEL XILOXOXTLA
"29","2064",ALTZAYANCA
"29","2065","CARMEN TEQUEXQUITLA, EL"
"29","2066",CUAPIAXTLA
"29","2067",HUAMANTLA
"29","2068",IXTENCO
"29","2069",TERRENATE
"29","2070",TOCATLAN
"29","2071",ZITLALTEPEC DE TRINIDAD SANCHEZ S.
"29","2072",TZOMPANTEPEC
"29","2073",EMILIANO ZAPATA
"29","2074",LAZARO CARDENAS
"29","2075",SAN JOSE TEACALCO
"29","2076",ATLANGATEPEC
"29","2077",APIZACO
"29","2078",CALPULALPAN
"29","2079",CUAXOMULCO
"29","2080",MUÑOZ DE DOMINGO ARENAS
"29","2081",ESPAÑITA
"29","2082",HUEYOTLIPAN
"29","2083",SANCTORUM DE LAZARO CARDENAS
"29","2084",NANACAMILPA DE MARIANO ARISTA
"29","2085",TETLA
"29","2086",TLAXCO
"29","2087",XALOZTOC
"29","2088",XALTOCAN
"29","2089",YAUHQUEMEHCAN
"29","2090",BENITO JUAREZ
"29","2091",SAN LUCAS TECOPILCO
"29","2092",SE IGNORA
"30","2093",BENITO JUAREZ
"30","2094",CHALMA
"30","2095",CHICONAMEL
"30","2096",CHICONTEPEC
"30","2097",OZULUAMA
"30","2098",PANUCO
"30","2099",PLATON SANCHEZ
"30","2100",PUEBLO VIEJO
"30","2101",TAMPICO ALTO
"30","2102",TANTOYUCA
"30","2103",TEMPOAL
"30","2104","HIGO, EL"
"30","2105",AMATLAN TUXPAN
"30","2106",CERRO AZUL
"30","2107",CITLALTEPETL
"30","2108",CHINAMPA DE GOROSTIZA
"30","2109",CHONTLA
"30","2110",IXCATEPEC
"30","2111",TAMALIN
"30","2112",TAMIAHUA
"30","2113",TANCOCO
"30","2114",TANTIMA
"30","2115",TEMAPACHE
"30","2116",TEPETZINTLA
"30","2117",TUXPAM
"30","2118",CAZONES DE HERRERA
"30","2119",COAHUITLAN
"30","2120",COATZINTLA
"30","2121",COXQUIHUI
"30","2122",COYUTLA
"30","2123",CHUMATLAN
"30","2124",ESPINAL
"30","2125",FILOMENO MATA
"30","2126",HUAYACOCOTLA
"30","2127",ILAMATLAN
"30","2128",IXHUATLAN DE MADERO
"30","2129",MECATLAN
"30","2130",PAPANTLA
"30","2131",POZA RICA DE HIDALGO
"30","2132",CASTILLO DE TEAYO
"30","2133",TEXCATEPEC
"30","2134",TIHUATLAN
"30","2135",TLACHICHILCO
"30","2136",ZACUALPAN
"30","2137",ZONTECOMATLAN
"30","2138",ZOZOCOLCO DE HIDALGO
"30","2139",ATZALAN
"30","2140",COLIPA
"30","2141",GUTIERREZ ZAMORA
"30","2142",JALACINGO
"30","2143",JUCHIQUE DE FERRER
"30","2144",MARTINEZ DE LA TORRE
"30","2145",MISANTLA
"30","2146",NAUTLA
"30","2147",TECOLUTLA
"30","2148",TENOCHTITLAN
"30","2149",TLAPACOYAN
"30","2150",VEGA DE ALATORRE
"30","2151",YECUATLA
"30","2152",ACAJETE
"30","2153",ACATLAN
"30","2154",ACTOPAN
"30","2155",ALTO LUCERO
"30","2156",ALTOTONGA
"30","2157",APAZAPAN
"30","2158",TLALTETELA
"30","2159",AYAHUALULCO
"30","2160",BANDERILLA
"30","2161",COACOATZINTLA
"30","2162",COATEPEC
"30","2163",COSAUTLAN DE CARVAJAL
"30","2164",CHICONQUIACO
"30","2165",EMILIANO ZAPATA
"30","2166",IXHUACAN DE LOS REYES
"30","2167",XALAPA
"30","2168",JALCOMULCO
"30","2169",XICO
"30","2170",JILOTEPEC
"30","2171",LANDERO Y COSS
"30","2172",MIAHUATLAN
"30","2173","MINAS, LAS"
"30","2174",NAOLINCO
"30","2175",PEROTE
"30","2176","VIGAS DE RAMIREZ, LAS"
"30","2177",TATATILA
"30","2178",TEOCELO
"30","2179",TEPETLAN
"30","2180",TLACOLULAN
"30","2181",TLALNELHUAYOCAN
"30","2182",TONAYAN
"30","2183",VILLA ALDAMA
"30","2184",CAMARON DE TEJEDA
"30","2185",ALPATLAHUAC
"30","2186",AMATLAN DE LOS REYES
"30","2187",ATOYAC
"30","2188",CALCAHUALCO
"30","2189",CARRILLO PUERTO
"30","2190",COETZALA
"30","2191",COMAPA
"30","2192",CORDOBA
"30","2193",COSCOMATEPEC
"30","2194",CUICHAPA
"30","2195",CUITLAHUAC
"30","2196",CHOCAMAN
"30","2197",FORTIN
"30","2198",HUATUSCO
"30","2199",IXHUATLAN DEL CAFE
"30","2200",NARANJAL
"30","2201",OMEALCA
"30","2202",PASO DEL MACHO
"30","2203",RAFAEL LUCIO
"30","2204",SOCHIAPA
"30","2205",TENAMPA
"30","2206",TEPATLAXCO
"30","2207",TEZONAPA
"30","2208",TLACOTEPEC DE MEJIA
"30","2209",TOMATLAN
"30","2210",TOTUTLA
"30","2211",YANGA
"30","2212",ZENTLA
"30","2213",ACULTZINGO
"30","2214",AQUILA
"30","2215",ASTACINGA
"30","2216",ATLAHUILCO
"30","2217",ATZACAN
"30","2218",CAMERINO Z. MENDOZA
"30","2219",HUILOAPAN DE CUAUHTEMOC
"30","2220",IXHUATLANCILLO
"30","2221",IXTACZOQUITLAN
"30","2222",MAGDALENA
"30","2223",MALTRATA
"30","2224",MARIANO ESCOBEDO
"30","2225",MIXTLA DE ALTAMIRANO
"30","2226",NOGALES
"30","2227",ORIZABA
"30","2228","PERLA, LA"
"30","2229",RAFAEL DELGADO
"30","2230","REYES, LOS"
"30","2231",RIO BLANCO
"30","2232",SAN ANDRES TENEJAPAN
"30","2233",SOLEDAD ATZOMPA
"30","2234",TEHUIPANGO
"30","2235",TEQUILA
"30","2236",TEXHUACAN
"30","2237",TLAQUILPAN
"30","2238",TLILAPAN
"30","2239",XOXOCOTLA
"30","2240",ZONGOLICA
"30","2241",ALVARADO
"30","2242","ANTIGUA, LA"
"30","2243",BOCA DEL RIO
"30","2244",COTAXTLA
"30","2245",IGNACIO DE LA LLAVE
"30","2246",JAMAPA
"30","2247",MANLIO FABIO ALTAMIRANO
"30","2248",MEDELLIN
"30","2249",PASO DE OVEJAS
"30","2250",PUENTE NACIONAL
"30","2251",SOLEDAD DE DOBLADO
"30","2252",TLALIXCOYAN
"30","2253",URSULO GALVAN
"30","2254",VERACRUZ
"30","2255",ACULA
"30","2256",AMATITLAN
"30","2257",COSAMALOAPAN
"30","2258",CHACALTIANGUIS
"30","2259",ISLA
"30","2260",IXMATLAHUACAN
"30","2261",JUAN RODRIGUEZ CLARA
"30","2262",OTATITLAN
"30","2263",PLAYA VICENTE
"30","2264",JOSE AZUETA
"30","2265",TIERRA BLANCA
"30","2266",TLACOJALPAN
"30","2267",TLACOTALPAN
"30","2268",TUXTILLA
"30","2269",TRES VALLES
"30","2270",CARLOS A. CARRILLO
"30","2271",ACAYUCAN
"30","2272",ANGEL R. CABADA
"30","2273",CATEMACO
"30","2274",HUEYAPAN DE OCAMPO
"30","2275",JESUS CARRANZA
"30","2276",LERDO DE TEJADA
"30","2277",OLUTA
"30","2278",SALTABARRANCA
"30","2279",SAN ANDRES TUXTLA
"30","2280",SAN JUAN EVANGELISTA
"30","2281",SANTIAGO TUXTLA
"30","2282",SAYULA DE ALEMAN
"30","2283",SOCONUSCO
"30","2284",TEXISTEPEC
"30","2285",COATZACOALCOS
"30","2286",COSOLEACAQUE
"30","2287",CHINAMECA
"30","2288","CHOAPAS, LAS"
"30","2289",HIDALGOTITLAN
"30","2290",IXHUATLAN DEL SURESTE
"30","2291",JALTIPAN
"30","2292",MECAYAPAN
"30","2293",MINATITLAN
"30","2294",MOLOACAN
"30","2295",OTEAPAN
"30","2296",PAJAPAN
"30","2297",SOTEAPAN
"30","2298",ZARAGOZA
"30","2299",AGUA DULCE
"30","2300",NANCHITAL DE LAZARO CARDENAS DEL R.
"30","2301",UXPANAPA
"30","2302",TATAHWICAPAM
"30","2303",SE IGNORA
"31","2304",ABALA
"31","2305",ACANCEH
"31","2306",BACA
"31","2307",BOKOBA
"31","2308",BUCTZOTZ
"31","2309",CACALCHEN
"31","2310",CANSAHCAB
"31","2311",CELESTUN
"31","2312",CENOTILLO
"31","2313",CONKAL
"31","2314",CUZAMA
"31","2315",CHICXULUB PUEBLO
"31","2316",CHOCHOLA
"31","2317",DZEMUL
"31","2318",DZIDZANTUN
"31","2319",DZILAM DE BRAVO
"31","2320",DZILAM GONZALEZ
"31","2321",DZONCAUICH
"31","2322",HALACHO
"31","2323",HOCABA
"31","2324",HOCTUN
"31","2325",HOMUN
"31","2326",HUHI
"31","2327",HUNUCMA
"31","2328",IXIL
"31","2329",IZAMAL
"31","2330",KANASIN
"31","2331",KANTUNIL
"31","2332",KINCHIL
"31","2333",KOPOMA
"31","2334",MAXCANU
"31","2335",MERIDA
"31","2336",MOCOCHA
"31","2337",MOTUL
"31","2338",MUXUPIP
"31","2339",PROGRESO
"31","2340",SAMAHIL
"31","2341",SANAHCAT
"31","2342",SEYE
"31","2343",SINANCHE
"31","2344",SOTUTA
"31","2345",SUDZAL
"31","2346",SUMA
"31","2347",TAHMEK
"31","2348",TECOH
"31","2349",TEKAL DE VENEGAS
"31","2350",TEKANTO
"31","2351",TEKIT
"31","2352",TELCHAC PUEBLO
"31","2353",TELCHAC PUERTO
"31","2354",TEMAX
"31","2355",TEPAKAN
"31","2356",TETIZ
"31","2357",TEYA
"31","2358",TIMUCUY
"31","2359",TIXKOKOB
"31","2360",TIXPEHUAL
"31","2361",TUNKAS
"31","2362",UCU
"31","2363",UMAN
"31","2364",XOCCHEL
"31","2365",YAXKUKUL
"31","2366",YOBAIN
"31","2367",CALOTMUL
"31","2368",CUNCUNUL
"31","2369",CHANKOM
"31","2370",CHEMAX
"31","2371",CHICHIMILA
"31","2372",CHIKINDZONOT
"31","2373",DZITAS
"31","2374",ESPITA
"31","2375",KAUA
"31","2376",PANABA
"31","2377",QUINTANA ROO
"31","2378",RIO LAGARTOS
"31","2379",SAN FELIPE
"31","2380",SUCILA
"31","2381",TEKOM
"31","2382",TEMOZON
"31","2383",TINUM
"31","2384",TIXCACALCUPUL
"31","2385",TIZIMIN
"31","2386",UAYMA
"31","2387",VALLADOLID
"31","2388",YAXCABA
"31","2389",AKIL
"31","2390",CANTAMAYEC
"31","2391",CHACSINKIN
"31","2392",CHAPAB
"31","2393",CHUMAYEL
"31","2394",DZAN
"31","2395",MAMA
"31","2396",MANI
"31","2397",MAYAPAN
"31","2398",MUNA
"31","2399",OPICHEN
"31","2400",OXKUTZCAB
"31","2401",PETO
"31","2402",SACALUM
"31","2403",SANTA ELENA
"31","2404",TAHDZIU
"31","2405",TEABO
"31","2406",TEKAX
"31","2407",TICUL
"31","2408",TIXMEHUAC
"31","2409",TZUCACAB
"31","2410",SE IGNORA
"32","2411",CALERA
"32","2412",GENARO CODINA
"32","2413",GUADALUPE
"32","2414",MORELOS
"32","2415",PANUCO
"32","2416",VETAGRANDE
"32","2417",VILLA DE COS
"32","2418",ZACATECAS
"32","2419",TRANCOSO
"32","2420",CUAUHTEMOC
"32","2421",GENERAL PANFILO NATERA
"32","2422",LORETO
"32","2423",LUIS MOYA
"32","2424",NORIA DE ANGELES
"32","2425",OJOCALIENTE
"32","2426",PINOS
"32","2427",VILLA GARCIA
"32","2428",VILLA GONZALEZ ORTEGA
"32","2429",VILLA HIDALGO
"32","2430",CHALCHIHUITES
"32","2431",FRESNILLO
"32","2432",ENRIQUE ESTRADA
"32","2433",JIMENEZ DEL TEUL
"32","2434",SAIN ALTO
"32","2435",SOMBRERETE
"32","2436",VALPARAISO
"32","2437",CAÑITAS DE FELIPE PESCADOR
"32","2438",FRANCISCO R. MURGUIA
"32","2439",JUAN ALDAMA
"32","2440",MIGUEL AUZA
"32","2441",RIO GRANDE
"32","2442",APOZOL
"32","2443",APULCO
"32","2444",GENERAL JOAQUIN AMARO
"32","2445",HUANUSCO
"32","2446",JALPA
"32","2447",JUCHIPILA
"32","2448",MEZQUITAL DEL ORO
"32","2449",MOYAHUA DE ESTRADA
"32","2450",NOCHISTLAN DE MEJIA
"32","2451",TABASCO
"32","2452",VILLANUEVA
"32","2453",ATOLINGA
"32","2454",BENITO JUAREZ
"32","2455",TRINIDAD GARCIA DE LA CADENA
"32","2456",JEREZ
"32","2457",MOMAX
"32","2458",MONTE ESCOBEDO
"32","2459",SUSTICACAN
"32","2460",TEPECHITLAN
"32","2461",TEPETONGO
"32","2462",TEUL DE GONZALEZ ORTEGA
"32","2463",TLALTENANGO DE SANCHEZ ROMAN
"32","2464",CONCEPCION DEL ORO
"32","2465",MAZAPIL
"32","2466",MELCHOR OCAMPO
"32","2467","SALVADOR, EL"
"32","2468",SE IGNORA
